Date,Team,Result,Odds,My_Prob,Vegas_Prob,Edge,Bet_Amt,Profit,Bankroll
2021-11-03,NYK,LOSS,-105.0,61.4%,51.2%,10.2%,$30.00,-30.0,970.0
2021-11-03,PHI,WIN,-140.0,65.3%,58.3%,7.0%,$29.10,20.78571428571429,990.7857142857143
2021-11-03,ORL,LOSS,250.0,36.7%,28.6%,8.1%,$28.15,-28.146020636143966,962.6396936495704
2021-11-03,CLE,WIN,180.0,45.2%,35.7%,9.5%,$28.88,51.982543457076794,1014.6222371066472
2021-11-03,BKN,WIN,-185.0,67.1%,64.9%,2.2%,$15.57,8.414618208011417,1023.0368553146586
2021-11-04,OKC,WIN,475.0,20.4%,17.4%,3.0%,$9.24,43.89459110350976,1066.9314464181684
2021-11-04,MIA,LOSS,-265.0,78.2%,72.6%,5.6%,$32.01,-32.00794339254505,1034.9235030256234
2021-11-04,UTA,WIN,-120.0,59.4%,54.5%,4.8%,$27.57,22.972338391115134,1057.8958414167384
2021-11-04,PHI,WIN,-190.0,80.4%,65.5%,14.9%,$31.74,16.703618548685338,1074.5994599654239
2021-11-05,SAC,WIN,-135.0,68.0%,57.4%,10.5%,$32.24,23.87998799923164,1098.4794479646555
2021-11-05,POR,WIN,-210.0,72.5%,67.7%,4.8%,$32.95,15.692563542352223,1114.1720115070077
2021-11-05,GSW,WIN,-480.0,84.7%,82.8%,1.9%,$30.85,6.426878022949573,1120.5988895299572
2021-11-05,LAC,WIN,-140.0,65.4%,58.3%,7.1%,$33.62,24.012833347070515,1144.6117228770277
2021-11-05,TOR,LOSS,-230.0,72.2%,69.7%,2.5%,$24.03,-24.03491815813001,1120.5768047188976
2021-11-05,SAS,WIN,-170.0,67.1%,63.0%,4.1%,$31.14,18.317341447995936,1138.8941461668935
2021-11-06,PHI,WIN,150.0,53.8%,40.0%,13.8%,$34.17,51.25023657751021,1190.1443827444036
2021-11-06,POR,WIN,-205.0,74.1%,67.2%,6.9%,$35.70,17.416747064552247,1207.561129808956
2021-11-06,PHX,WIN,-165.0,71.4%,62.3%,9.1%,$36.23,21.955656905617374,1229.5167867145733
2021-11-06,DAL,WIN,-160.0,69.1%,61.5%,7.5%,$36.89,23.05343975089825,1252.5702264654715
2021-11-07,LAC,WIN,-250.0,76.2%,71.4%,4.8%,$37.58,15.030842717585653,1267.6010691830572
2021-11-07,SAC,LOSS,-140.0,69.8%,58.3%,11.5%,$38.03,-38.028032075491716,1229.5730371075656
2021-11-07,SAS,LOSS,-165.0,66.8%,62.3%,4.5%,$36.55,-36.55206557925824,1193.0209715283074
2021-11-07,ORL,WIN,500.0,18.4%,16.7%,1.7%,$6.25,31.24159034246139,1224.2625618707689
2021-11-07,CLE,WIN,260.0,34.6%,27.8%,6.8%,$28.91,75.17116548654835,1299.4337273573171
2021-11-07,TOR,LOSS,135.0,48.9%,42.6%,6.4%,$36.02,-36.022406571188284,1263.411320786129
2021-11-07,BKN,WIN,-155.0,65.1%,60.8%,4.3%,$34.72,22.397240927282002,1285.8085617134109
2021-11-08,LAL,WIN,-135.0,72.3%,57.4%,14.9%,$38.57,28.57352359363135,1314.3820853070422
2021-11-08,MEM,WIN,-185.0,79.8%,64.9%,14.9%,$39.43,21.314304086060144,1335.6963893931024
2021-11-08,NOP,LOSS,330.0,30.0%,23.3%,6.8%,$29.42,-29.415156031161313,1306.281233361941
2021-11-09,POR,LOSS,125.0,46.5%,44.4%,2.0%,$11.88,-11.87953071056259,1294.4017026513784
2021-11-09,LAC,WIN,-145.0,64.3%,59.2%,5.2%,$38.83,26.780724882442314,1321.1824275338208
2021-11-10,PHX,WIN,-210.0,70.7%,67.7%,3.0%,$30.57,14.55659272005688,1335.7390202538777
2021-11-10,OKC,WIN,160.0,41.6%,38.5%,3.1%,$16.88,27.01232453751864,1362.7513447913964
2021-11-10,GSW,WIN,-320.0,84.5%,76.2%,8.4%,$40.88,12.77579385741934,1375.5271386488157
2021-11-10,LAL,WIN,190.0,46.6%,34.5%,12.1%,$41.27,78.40504690298249,1453.9321855517983
2021-11-10,NOP,LOSS,-180.0,70.0%,64.3%,5.8%,$43.62,-43.61796556655395,1410.3142199852443
2021-11-10,ORL,LOSS,400.0,24.2%,20.0%,4.2%,$18.56,-18.562127996506174,1391.7520919887381
2021-11-10,CLE,LOSS,140.0,47.7%,41.7%,6.1%,$36.26,-36.25599768313271,1355.4960943056053
2021-11-10,MEM,LOSS,-190.0,78.8%,65.5%,13.2%,$40.66,-40.66488282916816,1314.8312114764371
2021-11-10,DET,WIN,120.0,58.4%,45.5%,12.9%,$39.44,47.33392361315174,1362.1651350895888
2021-11-10,CHI,WIN,-165.0,77.1%,62.3%,14.9%,$40.86,24.7666388198107,1386.9317739093995
2021-11-11,PHI,LOSS,-175.0,76.5%,63.6%,12.8%,$41.61,-41.60795321728198,1345.3238206921176
2021-11-11,IND,WIN,425.0,22.0%,19.0%,2.9%,$12.10,51.414357202404986,1396.7381778945226
2021-11-12,LAL,LOSS,-125.0,64.1%,55.6%,8.6%,$41.90,-41.90214533683567,1354.8360325576868
2021-11-12,GSW,WIN,-220.0,72.9%,68.8%,4.2%,$40.65,18.475036807604823,1373.3110693652916
2021-11-12,NOP,LOSS,360.0,30.1%,21.7%,8.4%,$36.65,-36.64849201482103,1336.6625773504707
2021-11-12,CHA,WIN,115.0,49.4%,46.5%,2.9%,$18.34,21.09216702581443,1357.754744376285
2021-11-12,PHX,WIN,-135.0,59.8%,57.4%,2.4%,$18.93,14.020563361483761,1371.7753077377688
2021-11-12,MIL,LOSS,175.0,44.7%,36.4%,8.3%,$41.15,-41.15325923213306,1330.6220485056358
2021-11-12,NYK,LOSS,-135.0,61.5%,57.4%,4.0%,$31.55,-31.549423980994845,1299.072624524641
2021-11-12,POR,WIN,-300.0,81.8%,75.0%,6.8%,$38.97,12.990726245246407,1312.0633507698874
2021-11-13,LAC,WIN,-275.0,80.2%,73.3%,6.9%,$39.36,14.313418372035141,1326.3767691419225
2021-11-13,TOR,LOSS,-340.0,79.3%,77.3%,2.0%,$29.39,-29.390589711557237,1296.9861794303654
2021-11-13,PHI,LOSS,160.0,40.6%,38.5%,2.1%,$11.15,-11.152074068779495,1285.834105361586
2021-11-13,MIA,WIN,290.0,36.4%,25.6%,10.7%,$38.58,111.86756716645797,1397.701672528044
2021-11-14,DEN,WIN,-250.0,77.5%,71.4%,6.0%,$41.93,16.772420070336523,1414.4740925983804
2021-11-14,PHX,WIN,-380.0,83.6%,79.2%,4.4%,$42.43,11.166900731039842,1425.64099332942
2021-11-14,LAL,WIN,-140.0,60.5%,58.3%,2.2%,$18.40,13.139786652808722,1438.7807799822288
2021-11-14,GSW,LOSS,-210.0,77.3%,67.7%,9.5%,$43.16,-43.16342339946686,1395.6173565827619
2021-11-14,MIL,LOSS,110.0,52.5%,47.6%,4.8%,$32.20,-32.20099451176903,1363.4163620709928
2021-11-14,ATL,WIN,-130.0,65.5%,56.5%,9.0%,$40.90,31.4634545093306,1394.8798165803234
2021-11-15,CHI,WIN,-125.0,61.1%,55.6%,5.5%,$41.85,33.477115597927764,1428.356932178251
2021-11-15,POR,WIN,-150.0,70.8%,60.0%,10.8%,$42.85,28.567138643565016,1456.924070821816
2021-11-15,MIA,WIN,-265.0,79.4%,72.6%,6.8%,$43.71,16.493480047039423,1473.4175508688554
2021-11-15,PHX,WIN,-170.0,72.9%,63.0%,9.9%,$44.20,26.001486191803338,1499.4190370606589
2021-11-15,HOU,LOSS,525.0,22.9%,16.0%,6.9%,$30.62,-30.61562894430418,1468.8034081163546
2021-11-15,IND,LOSS,130.0,49.5%,43.5%,6.0%,$39.01,-39.00671861118832,1429.7966895051663
2021-11-15,NYK,WIN,-150.0,61.9%,60.0%,1.9%,$17.03,11.354900700373319,1441.1515902055396
2021-11-16,LAC,WIN,-300.0,79.8%,75.0%,4.8%,$43.23,14.411515902055394,1455.563106107595
2021-11-16,PHI,LOSS,450.0,28.6%,18.2%,10.4%,$43.67,-43.66689318322785,1411.8962129243673
2021-11-16,GSW,WIN,125.0,50.0%,44.4%,5.5%,$35.18,43.98092754752384,1455.8771404718912
2021-11-17,CHI,LOSS,140.0,52.4%,41.7%,10.8%,$43.68,-43.67631421415673,1412.2008262577344
2021-11-17,DAL,LOSS,300.0,27.5%,25.0%,2.5%,$11.70,-11.70125116420751,1400.499575093527
2021-11-17,SAC,LOSS,125.0,46.2%,44.4%,1.8%,$11.27,-11.267690632345815,1389.2318844611812
2021-11-17,ORL,WIN,525.0,20.2%,16.0%,4.2%,$17.45,91.61278825750692,1480.8446727186881
2021-11-17,LAL,LOSS,350.0,30.2%,22.2%,7.9%,$37.80,-37.79559189341724,1443.049080825271
2021-11-17,MIA,WIN,-275.0,82.3%,73.3%,8.9%,$43.29,15.74235360900296,1458.791434434274
2021-11-17,CLE,LOSS,450.0,29.3%,18.2%,11.2%,$43.76,-43.76374303302821,1415.0276914012456
2021-11-17,BOS,LOSS,175.0,42.6%,36.4%,6.2%,$34.72,-34.72053931292962,1380.3071520883161
2021-11-17,IND,LOSS,-265.0,75.5%,72.6%,2.9%,$36.14,-36.137322890544816,1344.1698291977714
2021-11-18,TOR,LOSS,400.0,22.4%,20.0%,2.4%,$9.98,-9.97548176553011,1334.1943474322413
2021-11-18,PHI,WIN,265.0,31.0%,27.4%,3.6%,$16.63,44.0698763354473,1378.2642237676887
2021-11-18,MIN,WIN,-130.0,62.8%,56.5%,6.3%,$41.35,31.806097471562044,1410.0703212392507
2021-11-18,LAC,LOSS,-110.0,64.3%,52.4%,11.9%,$42.30,-42.302109637177516,1367.7682116020733
2021-11-18,CLE,LOSS,400.0,23.8%,20.0%,3.8%,$16.42,-16.415808692963733,1351.3524029091095
2021-11-19,TOR,WIN,145.0,43.2%,40.8%,2.4%,$13.66,19.80703977888551,1371.1594426879951
2021-11-19,DEN,LOSS,130.0,49.5%,43.5%,6.0%,$36.28,-36.27900022549082,1334.8804424625043
2021-11-19,OKC,LOSS,650.0,18.4%,13.3%,5.1%,$19.70,-19.701617590068846,1315.1788248724356
2021-11-20,ORL,LOSS,575.0,19.7%,14.8%,4.9%,$18.84,-18.84079358329706,1296.3380312891386
2021-11-20,PHI,LOSS,245.0,39.0%,29.0%,10.0%,$38.89,-38.89014093867416,1257.4478903504644
2021-11-20,MIN,WIN,-140.0,69.6%,58.3%,11.3%,$37.72,26.94531193608138,1284.3932022865458
2021-11-20,MEM,LOSS,120.0,52.4%,45.5%,6.9%,$38.53,-38.53179606859637,1245.8614062179495
2021-11-20,CHA,LOSS,250.0,39.6%,28.6%,11.1%,$37.38,-37.375842186538485,1208.485564031411
2021-11-20,NOP,LOSS,260.0,31.5%,27.8%,3.7%,$15.69,-15.686429397691986,1192.7991346337192
2021-11-21,GSW,WIN,-400.0,83.0%,80.0%,3.0%,$35.78,8.945993509752894,1201.7451281434721
2021-11-21,DET,LOSS,250.0,41.1%,28.6%,12.5%,$36.05,-36.052353844304164,1165.692774299168
2021-11-21,DAL,LOSS,185.0,39.5%,35.1%,4.5%,$19.98,-19.979843521017827,1145.7129307781502
2021-11-21,CHI,WIN,-210.0,77.7%,67.7%,10.0%,$34.37,16.367327582545006,1162.080258360695
2021-11-22,ORL,LOSS,800.0,18.9%,11.1%,7.8%,$25.41,-25.41493220548629,1136.6653261552087
2021-11-22,PHX,WIN,-210.0,82.2%,67.7%,14.4%,$34.10,16.238076087931557,1152.9034022431404
2021-11-22,MIN,WIN,-155.0,66.5%,60.8%,5.8%,$34.59,22.314259398254325,1175.2176616413947
2021-11-22,MEM,WIN,400.0,23.9%,20.0%,3.9%,$14.27,57.07725430329688,1232.2949159446916
2021-11-22,OKC,LOSS,600.0,16.4%,14.3%,2.1%,$7.47,-7.470658516080657,1224.824257428611
2021-11-22,CHA,WIN,160.0,43.0%,38.5%,4.6%,$22.68,36.29016044965438,1261.1144178782654
2021-11-22,CLE,LOSS,190.0,37.7%,34.5%,3.3%,$15.72,-15.717768554509107,1245.3966493237563
2021-11-23,DEN,LOSS,350.0,32.9%,22.2%,10.7%,$37.36,-37.36189947971268,1208.0347498440435
2021-11-23,DET,LOSS,450.0,20.0%,18.2%,1.8%,$6.55,-6.545022399249201,1201.4897274447944
2021-11-23,NYK,WIN,-185.0,72.7%,64.9%,7.7%,$36.04,19.48361720180748,1220.9733446466018
2021-11-24,POR,LOSS,-160.0,69.2%,61.5%,7.7%,$36.63,-36.629200339398054,1184.3441443072038
2021-11-24,PHI,LOSS,400.0,23.9%,20.0%,3.9%,$14.26,-14.256823366518104,1170.0873209406857
2021-11-24,ATL,WIN,-165.0,73.7%,62.3%,11.5%,$35.10,21.27431492619428,1191.36163586688
2021-11-24,OKC,LOSS,750.0,18.6%,11.8%,6.8%,$23.07,-23.06936311017848,1168.2922727567015
2021-11-24,MIN,WIN,-110.0,53.9%,52.4%,1.5%,$9.27,8.430449268266557,1176.722722024968
2021-11-24,DET,LOSS,900.0,14.1%,10.0%,4.1%,$13.30,-13.304287308860614,1163.4184347161074
2021-11-24,HOU,WIN,400.0,24.1%,20.0%,4.1%,$14.92,59.68560878483484,1223.1040435009422
2021-11-24,BKN,WIN,105.0,50.7%,48.8%,1.9%,$11.23,11.789933492385885,1234.8939769933281
2021-11-24,ORL,LOSS,280.0,27.9%,26.3%,1.6%,$6.83,-6.8289122229900405,1228.065064770338
2021-11-24,IND,LOSS,-250.0,81.6%,71.4%,10.2%,$36.84,-36.84195194311014,1191.2231128272279
2021-11-24,PHX,WIN,-300.0,78.3%,75.0%,3.3%,$35.74,11.912231128272275,1203.1353439555
2021-11-26,NOP,WIN,650.0,22.2%,13.3%,8.9%,$30.95,201.14275022252954,1404.2780941780295
2021-11-26,GSW,WIN,-240.0,80.6%,70.6%,10.0%,$42.13,17.553476177225374,1421.8315703552548
2021-11-26,IND,WIN,-190.0,68.2%,65.5%,2.7%,$27.92,14.69342001215231,1436.524990367407
2021-11-26,ATL,WIN,-115.0,67.1%,53.5%,13.6%,$43.10,37.474564966106264,1473.9995553335134
2021-11-26,CHA,WIN,-130.0,67.5%,56.5%,11.0%,$44.22,34.015374353850305,1508.0149296873637
2021-11-26,PHX,WIN,-165.0,73.9%,62.3%,11.7%,$45.24,27.418453267042974,1535.4333829544066
2021-11-26,ORL,LOSS,375.0,26.8%,21.1%,5.8%,$28.10,-28.103290766075713,1507.3300921883308
2021-11-27,NOP,LOSS,650.0,18.0%,13.3%,4.6%,$20.08,-20.080926424559127,1487.2491657637718
2021-11-27,CHA,LOSS,-210.0,77.1%,67.7%,9.3%,$44.62,-44.61747497291315,1442.6316907908586
2021-11-27,ORL,LOSS,375.0,23.2%,21.1%,2.2%,$9.86,-9.85666235249436,1432.7750284383642
2021-11-27,PHX,WIN,110.0,56.6%,47.6%,9.0%,$42.98,47.28157593846602,1480.0566043768301
2021-11-28,DET,LOSS,400.0,23.4%,20.0%,3.4%,$15.94,-15.943972812281812,1464.1126315645483
2021-11-28,SAC,LOSS,150.0,49.9%,40.0%,9.9%,$43.92,-43.923378946936445,1420.1892526176118
2021-11-28,TOR,LOSS,105.0,52.6%,48.8%,3.9%,$26.80,-26.80207455011311,1393.3871780674988
2021-11-28,IND,LOSS,115.0,60.7%,46.5%,14.2%,$41.80,-41.80161534202496,1351.585562725474
2021-11-29,UTA,WIN,-280.0,75.6%,73.7%,1.9%,$24.13,8.618408369462987,1360.2039710949368
2021-11-29,POR,LOSS,240.0,31.9%,29.4%,2.5%,$12.17,-12.16619909387507,1348.0377720010617
2021-11-29,SAS,WIN,135.0,49.8%,42.6%,7.2%,$40.44,54.59552976604301,1402.6333017671047
2021-11-29,CLE,WIN,220.0,37.2%,31.2%,6.0%,$30.55,67.20518910378455,1469.8384908708892
2021-11-29,MIA,LOSS,-150.0,71.8%,60.0%,11.8%,$44.10,-44.09515472612667,1425.7433361447627
2021-11-29,ORL,LOSS,750.0,19.7%,11.8%,7.9%,$31.93,-31.928320939118926,1393.8150152056437
2021-11-30,LAL,WIN,-110.0,56.9%,52.4%,4.5%,$32.89,29.900831397694404,1423.7158466033382
2021-11-30,POR,WIN,-350.0,82.8%,77.8%,5.0%,$42.71,12.203278685171464,1435.9191252885096
2021-11-30,MEM,WIN,130.0,54.3%,43.5%,10.8%,$43.08,56.00084588625186,1491.9199711747615
2021-11-30,BKN,WIN,-240.0,72.1%,70.6%,1.5%,$19.41,8.08801233220345,1500.007983506965
2021-12-01,HOU,WIN,115.0,50.9%,46.5%,4.4%,$30.87,35.49835338354039,1535.5063368905055
2021-12-01,NOP,LOSS,150.0,49.6%,40.0%,9.6%,$46.07,-46.065190106715164,1489.4411467837904
2021-12-01,CHA,LOSS,300.0,27.0%,25.0%,2.0%,$9.97,-9.965726425141622,1479.4754203586488
2021-12-01,PHI,LOSS,135.0,46.9%,42.6%,4.3%,$27.80,-27.798009199474038,1451.6774111591747
2021-12-01,MIN,LOSS,150.0,51.1%,40.0%,11.1%,$43.55,-43.55032233477524,1408.1270888243994
2021-12-02,SAS,WIN,195.0,39.7%,33.9%,5.8%,$31.09,60.6305794628286,1468.757668287228
2021-12-02,POR,LOSS,-230.0,75.8%,69.7%,6.1%,$44.06,-44.062730048616835,1424.694938238611
2021-12-03,LAL,LOSS,-135.0,63.2%,57.4%,5.8%,$42.74,-42.74084814715833,1381.9540900914526
2021-12-03,PHX,LOSS,250.0,34.1%,28.6%,5.5%,$26.62,-26.621965934456803,1355.3321241569959
2021-12-03,ATL,LOSS,-140.0,65.0%,58.3%,6.7%,$40.66,-40.659963724709876,1314.672160432286
2021-12-03,CLE,WIN,130.0,50.8%,43.5%,7.3%,$39.44,51.27221425685915,1365.9443746891452
2021-12-03,MIA,WIN,190.0,44.2%,34.5%,9.7%,$40.98,77.85882935728128,1443.8032040464266
2021-12-04,POR,LOSS,-115.0,58.1%,53.5%,4.6%,$36.01,-36.00748184028028,1407.7957222061464
2021-12-04,SAC,WIN,105.0,53.1%,48.8%,4.3%,$29.87,31.362406780828334,1439.1581289869746
2021-12-04,MIL,WIN,-260.0,74.5%,72.2%,2.3%,$29.21,11.236419825407179,1450.3945488123818
2021-12-04,BKN,LOSS,-140.0,62.6%,58.3%,4.3%,$37.52,-37.51717287958004,1412.8773759328017
2021-12-04,DEN,WIN,120.0,54.0%,45.5%,8.6%,$42.39,50.86358553358086,1463.7409614663825
2021-12-05,NOP,LOSS,-145.0,71.5%,59.2%,12.3%,$43.91,-43.91222884399147,1419.828732622391
2021-12-05,TOR,WIN,-120.0,60.1%,54.5%,5.5%,$42.59,35.495718315559785,1455.3244509379508
2021-12-05,CHA,WIN,270.0,35.0%,27.0%,8.0%,$39.79,107.42517954299673,1562.7496304809476
2021-12-05,CLE,LOSS,175.0,51.0%,36.4%,14.6%,$46.88,-46.88248891442843,1515.8671415665192
2021-12-06,ORL,LOSS,950.0,12.6%,9.5%,3.1%,$13.04,-13.043885178621347,1502.8232563878978
2021-12-06,PHX,WIN,-300.0,81.3%,75.0%,6.3%,$45.08,15.028232563878975,1517.8514889517767
2021-12-06,CHI,WIN,-135.0,71.5%,57.4%,14.0%,$45.54,33.730033087817255,1551.581522039594
2021-12-06,OKC,WIN,135.0,47.9%,42.6%,5.3%,$36.11,48.74379269640017,1600.325314735994
2021-12-07,BOS,LOSS,130.0,57.1%,43.5%,13.6%,$48.01,-48.00975944207982,1552.3155552939143
2021-12-07,BKN,WIN,-125.0,63.0%,55.6%,7.4%,$46.57,37.255573327053945,1589.5711286209682
2021-12-08,ORL,LOSS,250.0,31.6%,28.6%,3.0%,$16.60,-16.599779493656552,1572.9713491273117
2021-12-08,POR,LOSS,850.0,14.8%,10.5%,4.3%,$18.74,-18.73574067599737,1554.2356084513142
2021-12-08,DEN,WIN,-130.0,61.3%,56.5%,4.8%,$42.92,33.01397261211855,1587.2495810634327
2021-12-08,MIN,LOSS,240.0,31.6%,29.4%,2.2%,$12.41,-12.410302764061875,1574.8392782993708
2021-12-08,MEM,LOSS,-120.0,63.2%,54.5%,8.7%,$47.25,-47.24517834898112,1527.5940999503896
2021-12-08,TOR,LOSS,-320.0,80.7%,76.2%,4.5%,$45.83,-45.827822998511685,1481.766276951878
2021-12-08,BKN,LOSS,-160.0,71.8%,61.5%,10.3%,$44.45,-44.452988308556336,1437.3132886433216
2021-12-09,SAS,WIN,-140.0,64.4%,58.3%,6.1%,$43.12,30.799570470928327,1468.1128591142499
2021-12-09,UTA,WIN,-140.0,68.5%,58.3%,10.2%,$44.04,31.45956126673393,1499.5724203809839
2021-12-10,CLE,WIN,-125.0,66.8%,55.6%,11.2%,$44.99,35.989738089143614,1535.5621584701275
2021-12-10,LAL,WIN,-170.0,67.5%,63.0%,4.5%,$46.07,27.09815573770814,1562.6603142078357
2021-12-10,NOP,WIN,-240.0,78.7%,70.6%,8.1%,$46.88,19.53325392759795,1582.1935681354337
2021-12-10,TOR,WIN,-125.0,57.2%,55.6%,1.6%,$14.32,11.452941872346656,1593.6465100077803
2021-12-10,ATL,LOSS,-130.0,59.9%,56.5%,3.3%,$30.55,-30.550460496060804,1563.0960495117195
2021-12-10,IND,WIN,-130.0,65.5%,56.5%,8.9%,$46.89,36.07144729642429,1599.1674968081438
2021-12-10,HOU,LOSS,350.0,23.7%,22.2%,1.5%,$7.74,-7.743843748099197,1591.4236530600447
2021-12-11,SAS,LOSS,-110.0,64.4%,52.4%,12.0%,$47.74,-47.742709591801336,1543.6809434682434
2021-12-11,GSW,LOSS,-155.0,69.9%,60.8%,9.1%,$46.31,-46.3104283040473,1497.3705151641961
2021-12-11,CLE,WIN,-260.0,80.3%,72.2%,8.1%,$44.92,17.277352098048414,1514.6478672622445
2021-12-11,UTA,WIN,-300.0,78.2%,75.0%,3.2%,$45.44,15.146478672622441,1529.794345934867
2021-12-11,LAC,WIN,-340.0,80.2%,77.3%,3.0%,$45.89,13.498185405307652,1543.2925313401745
2021-12-11,MIA,WIN,105.0,62.8%,48.8%,14.0%,$46.30,48.61371473721549,1591.90624607739
2021-12-12,SAS,WIN,-130.0,66.4%,56.5%,9.9%,$47.76,36.736297986401304,1628.6425440637913
2021-12-12,MIN,WIN,130.0,55.5%,43.5%,12.0%,$48.86,63.51705921848785,1692.1596032822792
2021-12-12,DAL,WIN,-175.0,75.8%,63.6%,12.2%,$50.76,29.008450341981927,1721.1680536242611
2021-12-12,NYK,LOSS,200.0,40.5%,33.3%,7.2%,$46.22,-46.222108342234435,1674.9459452820267
2021-12-12,BKN,WIN,-310.0,82.7%,75.6%,7.1%,$50.25,16.2091543091809,1691.1550995912075
2021-12-13,PHX,LOSS,-155.0,70.5%,60.8%,9.7%,$50.73,-50.734652987736226,1640.4204466034714
2021-12-13,DEN,WIN,-165.0,75.1%,62.3%,12.8%,$49.21,29.825826301881293,1670.2462729053527
2021-12-13,BOS,WIN,-105.0,54.0%,51.2%,2.8%,$24.07,22.92157287216843,1693.167845777521
2021-12-13,TOR,WIN,-185.0,67.0%,64.9%,2.1%,$25.33,13.690317999323998,1706.858163776845
2021-12-13,GSW,WIN,-175.0,70.6%,63.6%,7.0%,$51.21,29.26042566474591,1736.118589441591
2021-12-13,CLE,WIN,-210.0,75.4%,67.7%,7.7%,$52.08,24.801694134879874,1760.9202835764709
2021-12-14,BKN,WIN,-165.0,76.0%,62.3%,13.7%,$52.83,32.0167324286631,1792.937016005134
2021-12-14,GSW,WIN,-225.0,76.3%,69.2%,7.0%,$53.79,23.90582688006845,1816.8428428852023
2021-12-15,DEN,LOSS,-175.0,72.0%,63.6%,8.4%,$54.51,-54.50528528655607,1762.3375575986463
2021-12-15,LAC,LOSS,550.0,20.4%,15.4%,5.1%,$26.36,-26.362006974974445,1735.9755506236718
2021-12-15,ATL,WIN,-380.0,81.0%,79.2%,1.8%,$38.26,10.068303088219391,1746.0438537118912
2021-12-15,MEM,WIN,-115.0,64.7%,53.5%,11.3%,$52.38,45.54897009683194,1791.592823808723
2021-12-15,SAC,WIN,110.0,54.4%,47.6%,6.8%,$53.75,59.122563185687866,1850.715386994411
2021-12-15,CLE,WIN,-420.0,83.9%,80.8%,3.2%,$55.52,13.219395621388651,1863.9347826157996
2021-12-15,NOP,WIN,-180.0,69.6%,64.3%,5.3%,$55.92,31.065579710263325,1895.000362326063
2021-12-16,HOU,LOSS,180.0,38.6%,35.7%,2.9%,$21.57,-21.57055548552862,1873.4298068405344
2021-12-16,PHX,WIN,-390.0,84.3%,79.6%,4.7%,$56.20,14.410998514157956,1887.8408053546923
2021-12-17,CHA,LOSS,105.0,63.0%,48.8%,14.2%,$56.64,-56.63522416064077,1831.2055811940515
2021-12-17,DEN,WIN,140.0,44.1%,41.7%,2.4%,$18.87,26.413937697910953,1857.6195188919626
2021-12-17,MIL,LOSS,100.0,64.2%,50.0%,14.2%,$55.73,-55.72858556675887,1801.8909333252036
2021-12-17,MIN,WIN,100.0,64.0%,50.0%,14.0%,$54.06,54.056727999756106,1855.9476613249597
2021-12-17,GSW,WIN,-185.0,70.7%,64.9%,5.8%,$55.68,30.096448562026374,1886.044109886986
2021-12-17,SAS,WIN,500.0,21.7%,16.7%,5.1%,$28.63,143.13256105506883,2029.176670942055
2021-12-18,UTA,LOSS,-280.0,81.4%,73.7%,7.7%,$60.88,-60.87530012826164,1968.3013708137933
2021-12-18,MIL,LOSS,195.0,38.9%,33.9%,5.0%,$36.99,-36.98719838864767,1931.3141724251457
2021-12-18,HOU,WIN,-110.0,63.3%,52.4%,10.9%,$57.94,52.672204702503976,1983.9863771276496
2021-12-18,LAC,LOSS,-185.0,79.0%,64.9%,14.1%,$59.52,-59.51959131382949,1924.46678581382
2021-12-19,MIN,WIN,-165.0,65.0%,62.3%,2.7%,$34.28,20.77636689012862,1945.2431527039487
2021-12-19,SAC,WIN,170.0,40.6%,37.0%,3.5%,$27.23,46.29113225688669,1991.5342849608353
2021-12-19,MEM,LOSS,-185.0,75.5%,64.9%,10.5%,$59.75,-59.74602854882506,1931.7882564120102
2021-12-19,MIA,LOSS,-260.0,79.0%,72.2%,6.8%,$57.95,-57.953647692360306,1873.8346087196499
2021-12-19,LAL,LOSS,240.0,33.6%,29.4%,4.2%,$27.65,-27.6549410419207,1846.1796676777292
2021-12-20,CHA,LOSS,600.0,18.2%,14.3%,3.9%,$20.84,-20.840398165136758,1825.3392695125924
2021-12-20,SAC,LOSS,650.0,14.8%,13.3%,1.5%,$7.92,-7.92139280463351,1817.4178767079588
2021-12-20,BOS,LOSS,-140.0,61.1%,58.3%,2.7%,$29.74,-29.740325275011987,1787.6775514329468
2021-12-21,PHX,WIN,-300.0,76.5%,75.0%,1.5%,$27.22,9.073559396988083,1796.7511108299348
2021-12-21,DAL,WIN,120.0,50.6%,45.5%,5.1%,$42.09,50.509127880490176,1847.260238710425
2021-12-21,NYK,WIN,-290.0,82.1%,74.4%,7.8%,$55.42,19.109588676314743,1866.3698273867399
2021-12-21,MIA,WIN,110.0,54.1%,47.6%,6.5%,$55.99,61.59020430376242,1927.9600316905023
2021-12-21,NOP,WIN,100.0,61.8%,50.0%,11.8%,$57.84,57.83880095071507,1985.7988326412174
2021-12-22,DEN,LOSS,-260.0,76.6%,72.2%,4.4%,$59.57,-59.57396497923652,1926.2248676619809
2021-12-22,MIL,WIN,-390.0,81.3%,79.6%,1.7%,$40.00,10.256478953436805,1936.4813466154176
2021-12-22,ATL,LOSS,-300.0,80.0%,75.0%,5.0%,$58.09,-58.094440398462524,1878.3869062169551
2021-12-23,SAS,WIN,105.0,56.0%,48.8%,7.2%,$56.35,59.16918754583408,1937.5560937627893
2021-12-23,GSW,WIN,-210.0,76.1%,67.7%,8.3%,$58.13,27.679372768039848,1965.2354665308292
2021-12-23,MIN,LOSS,775.0,24.6%,11.4%,13.2%,$58.96,-58.95706399592487,1906.2784025349042
2021-12-23,OKC,LOSS,800.0,13.3%,11.1%,2.2%,$11.60,-11.596273647513014,1894.6821288873912
2021-12-23,DEN,LOSS,-140.0,65.8%,58.3%,7.5%,$56.84,-56.84046386662173,1837.8416650207694
2021-12-23,CHA,WIN,120.0,51.8%,45.5%,6.3%,$53.39,64.0691553233908,1901.9108203441601
2021-12-23,DAL,LOSS,140.0,49.0%,41.7%,7.3%,$57.06,-57.057324610324805,1844.8534957338354
2021-12-23,NYK,LOSS,-160.0,65.7%,61.5%,4.2%,$49.89,-49.88803060263033,1794.965465131205
2021-12-23,ATL,WIN,500.0,28.3%,16.7%,11.7%,$53.85,269.24481976968076,2064.2102849008857
2021-12-23,IND,WIN,-270.0,77.7%,73.0%,4.7%,$61.93,22.935669832232055,2087.145954733118
2021-12-25,DAL,LOSS,650.0,18.7%,13.3%,5.4%,$32.51,-32.50645937190956,2054.6394953612084
2021-12-25,BOS,LOSS,270.0,35.7%,27.0%,8.7%,$61.29,-61.29241869046933,1993.3470766707392
2021-12-25,ATL,LOSS,180.0,46.1%,35.7%,10.3%,$59.80,-59.800412300122176,1933.546664370617
2021-12-25,GSW,WIN,200.0,46.1%,33.3%,12.8%,$58.01,116.01279986223702,2049.559464232854
2021-12-26,LAC,LOSS,140.0,55.4%,41.7%,13.7%,$61.49,-61.48678392698562,1988.0726803058685
2021-12-26,NOP,LOSS,-125.0,58.8%,55.6%,3.2%,$35.79,-35.79460575508579,1952.2780745507828
2021-12-26,CHI,WIN,-180.0,67.2%,64.3%,2.9%,$39.79,22.10640663163687,1974.3844811824197
2021-12-26,MEM,WIN,-140.0,70.0%,58.3%,11.7%,$59.23,42.30823888248043,2016.6927200649002
2021-12-27,DAL,WIN,130.0,50.4%,43.5%,6.9%,$60.50,78.6510160825311,2095.343736147431
2021-12-27,CHA,WIN,-330.0,79.9%,76.7%,3.1%,$62.86,19.048579419522095,2114.392315566953
2021-12-28,CLE,LOSS,-185.0,69.1%,64.9%,4.2%,$63.43,-63.43176946700859,2050.9605460999446
2021-12-28,OKC,LOSS,190.0,41.3%,34.5%,6.8%,$52.96,-52.96152267632652,1997.9990234236182
2021-12-28,GSW,LOSS,-350.0,80.3%,77.8%,2.6%,$57.42,-57.42481479293956,1940.5742086306786
2021-12-28,HOU,LOSS,190.0,43.0%,34.5%,8.5%,$58.22,-58.217226258920356,1882.3569823717582
2021-12-28,ORL,LOSS,800.0,20.8%,11.1%,9.7%,$51.42,-51.41874280640323,1830.938239565355
2021-12-29,DAL,LOSS,-115.0,62.1%,53.5%,8.6%,$54.93,-54.92814718696064,1776.0100923783943
2021-12-29,UTA,WIN,-320.0,79.8%,76.2%,3.6%,$53.28,16.650094616047447,1792.6601869944418
2021-12-29,OKC,LOSS,950.0,13.5%,9.5%,4.0%,$19.62,-19.617903387498323,1773.0422836069436
2021-12-29,MEM,WIN,-250.0,75.1%,71.4%,3.7%,$53.19,21.276507403283315,1794.318791010227
2021-12-29,CHA,WIN,145.0,55.8%,40.8%,15.0%,$53.83,78.05286740894488,1872.3716584191718
2021-12-30,ORL,LOSS,700.0,18.7%,12.5%,6.2%,$33.13,-33.134902138909496,1839.2367562802624
2021-12-30,BKN,LOSS,-200.0,70.6%,66.7%,3.9%,$54.01,-54.01435632798833,1785.2223999522741
2021-12-30,PHI,WIN,175.0,39.0%,36.4%,2.6%,$18.48,32.34564023050566,1817.56804018278
2021-12-31,POR,LOSS,195.0,40.8%,33.9%,6.9%,$47.57,-47.566809176935955,1770.001231005844
2021-12-31,MIN,LOSS,550.0,19.5%,15.4%,4.1%,$21.56,-21.563670594613793,1748.4375604112302
2021-12-31,NYK,LOSS,-150.0,65.6%,60.0%,5.6%,$52.45,-52.453126812336905,1695.9844335988932
2021-12-31,LAC,LOSS,220.0,36.3%,31.2%,5.1%,$31.34,-31.33907545785945,1664.6453581410337
2021-12-31,DAL,WIN,-115.0,63.1%,53.5%,9.6%,$49.94,43.42553108194,1708.0708892229738
2021-12-31,MIA,WIN,-190.0,72.9%,65.5%,7.4%,$51.24,26.96954035615221,1735.040429579126
2021-12-31,CHI,WIN,-135.0,64.1%,57.4%,6.7%,$52.05,38.55645399064724,1773.5968835697734
2021-12-31,PHX,LOSS,-150.0,63.5%,60.0%,3.5%,$38.46,-38.45677339952064,1735.1401101702527
2021-12-31,BOS,WIN,130.0,46.5%,43.5%,3.0%,$22.94,29.825681156005945,1764.9657913262586
2021-12-31,CLE,LOSS,-135.0,71.4%,57.4%,13.9%,$52.95,-52.94897373978775,1712.0168175864708
2022-01-01,GSW,WIN,190.0,38.9%,34.5%,4.4%,$29.04,55.169188601413126,1767.186006187884
2022-01-01,LAC,WIN,750.0,25.0%,11.8%,13.3%,$53.02,397.6168513922739,2164.8028575801577
2022-01-01,SAS,LOSS,-265.0,74.2%,72.6%,1.6%,$31.89,-31.894480280719748,2132.908377299438
2022-01-01,NOP,LOSS,575.0,23.1%,14.8%,8.3%,$52.08,-52.07631935337617,2080.832057946062
2022-01-02,OKC,LOSS,400.0,30.7%,20.0%,10.7%,$62.42,-62.42496173838185,2018.40709620768
2022-01-02,CLE,WIN,-175.0,72.6%,63.6%,9.0%,$60.55,34.60126450641737,2053.0083607140973
2022-01-02,MIA,LOSS,-165.0,65.4%,62.3%,3.1%,$42.45,-42.45100685426083,2010.5573538598364
2022-01-02,NYK,LOSS,300.0,27.2%,25.0%,2.2%,$14.57,-14.565849027417539,1995.991504832419
2022-01-03,POR,WIN,150.0,42.9%,40.0%,2.9%,$24.27,36.40578364888357,2032.3972884813024
2022-01-03,NOP,LOSS,330.0,26.7%,23.3%,3.5%,$22.91,-22.91135771574405,2009.4859307655584
2022-01-03,DET,WIN,1100.0,14.7%,8.3%,6.3%,$34.74,382.1700376413294,2391.655968406888
2022-01-03,ORL,LOSS,750.0,13.4%,11.8%,1.7%,$11.32,-11.324744706319402,2380.3312237005684
2022-01-03,HOU,LOSS,650.0,16.2%,13.3%,2.9%,$19.77,-19.768962462661616,2360.562261237907
2022-01-04,SAS,LOSS,245.0,34.2%,29.0%,5.3%,$43.68,-43.67530807276551,2316.8869531651417
2022-01-04,IND,LOSS,140.0,49.6%,41.7%,7.9%,$69.51,-69.50660859495424,2247.3803445701874
2022-01-05,MIA,WIN,-140.0,66.7%,58.3%,8.4%,$67.42,48.15815024078973,2295.538494810977
2022-01-05,DAL,WIN,170.0,46.5%,37.0%,9.5%,$68.87,117.07246323535985,2412.610958046337
2022-01-05,PHI,WIN,-350.0,80.3%,77.8%,2.6%,$69.51,19.858740906079767,2432.469698952417
2022-01-05,DET,LOSS,450.0,21.0%,18.2%,2.8%,$21.10,-21.1013375980503,2411.3683613543667
2022-01-06,GSW,LOSS,-105.0,61.0%,51.2%,9.8%,$72.34,-72.341050840631,2339.0273105137358
2022-01-07,LAL,WIN,-120.0,69.5%,54.5%,14.9%,$70.17,58.475682762843405,2397.502993276579
2022-01-07,MIN,WIN,-185.0,69.9%,64.9%,4.9%,$71.93,38.87842691799859,2436.381420194578
2022-01-07,CHI,WIN,-220.0,77.5%,68.8%,8.7%,$73.09,33.223383002653335,2469.6048031972314
2022-01-08,MIA,WIN,400.0,29.3%,20.0%,9.3%,$71.56,286.2420472846141,2755.8468504818456
2022-01-09,SAS,LOSS,400.0,31.6%,20.0%,11.6%,$82.68,-82.67540551445536,2673.1714449673905
2022-01-09,MEM,WIN,140.0,55.6%,41.7%,14.0%,$80.20,112.27320068863038,2785.444645656021
2022-01-09,DAL,WIN,-130.0,61.8%,56.5%,5.3%,$83.56,64.27949182283125,2849.7241374788523
2022-01-09,MIN,WIN,-250.0,76.2%,71.4%,4.8%,$85.49,34.19668964974622,2883.9208271285984
2022-01-09,TOR,WIN,-280.0,76.9%,73.7%,3.2%,$86.52,30.899151719234986,2914.819978847833
2022-01-10,CLE,WIN,-210.0,69.6%,67.7%,1.9%,$42.71,20.340308569572358,2935.1602874174055
2022-01-10,SAS,LOSS,215.0,38.5%,31.7%,6.7%,$72.13,-72.12874675479874,2863.031540662607
2022-01-10,IND,LOSS,330.0,29.7%,23.3%,6.5%,$60.26,-60.26406467071203,2802.767475991895
2022-01-10,DET,WIN,525.0,25.8%,16.0%,9.8%,$81.97,430.34479212215837,3233.112268114053
2022-01-10,CHA,WIN,120.0,58.1%,45.5%,12.6%,$96.99,116.39204165210593,3349.504309766159
2022-01-10,POR,WIN,290.0,34.1%,25.6%,8.5%,$95.74,277.6581249117954,3627.1624346779545
2022-01-11,LAC,WIN,125.0,47.2%,44.4%,2.8%,$45.58,56.97065298659487,3684.1330876645493
2022-01-11,NOP,WIN,140.0,48.4%,41.7%,6.7%,$105.57,147.79910924461302,3831.9321969091625
2022-01-11,MEM,WIN,110.0,58.3%,47.6%,10.7%,$114.96,126.45376249800236,3958.385959407165
2022-01-11,DET,LOSS,750.0,18.0%,11.8%,6.2%,$69.61,-69.6055230759343,3888.7804363312307
2022-01-12,LAL,LOSS,-160.0,71.4%,61.5%,9.9%,$116.66,-116.66341308993691,3772.1170232412937
2022-01-12,PHI,LOSS,-220.0,71.7%,68.8%,3.0%,$90.18,-90.18176711815157,3681.935256123142
2022-01-12,BOS,WIN,100.0,61.4%,50.0%,11.4%,$110.46,110.45805768369426,3792.3933138068364
2022-01-13,POR,LOSS,475.0,26.0%,17.4%,8.6%,$98.46,-98.46313806606987,3693.9301757407666
2022-01-13,BKN,LOSS,-210.0,80.0%,67.7%,12.2%,$110.82,-110.81790527222299,3583.1122704685436
2022-01-13,GSW,LOSS,100.0,57.4%,50.0%,7.4%,$107.49,-107.49336811405631,3475.618902354487
2022-01-14,HOU,LOSS,190.0,43.2%,34.5%,8.8%,$104.27,-104.2685670706346,3371.3503352838525
2022-01-14,CLE,WIN,-150.0,67.6%,60.0%,7.6%,$101.14,67.42700670567703,3438.7773419895293
2022-01-14,MIA,WIN,-215.0,80.5%,68.3%,12.2%,$103.16,47.98293965566784,3486.760281645197
2022-01-14,GSW,WIN,125.0,56.0%,44.4%,11.6%,$104.60,130.7535105616949,3617.513792206892
2022-01-14,PHI,WIN,-150.0,65.2%,60.0%,5.2%,$108.53,72.35027584413783,3689.86406805103
2022-01-14,PHX,WIN,-210.0,71.7%,67.7%,4.0%,$110.70,52.71234382930044,3742.5764118803304
2022-01-14,DET,WIN,340.0,32.3%,22.7%,9.5%,$112.28,381.7427940117937,4124.319205892124
2022-01-15,CHI,LOSS,260.0,30.7%,27.8%,2.9%,$41.11,-41.110197519410086,4083.209008372714
2022-01-15,DEN,WIN,-185.0,70.1%,64.9%,5.2%,$122.50,66.21420013577374,4149.423208508488
2022-01-15,POR,WIN,240.0,42.7%,29.4%,13.2%,$124.48,298.7584710126111,4448.181679521099
2022-01-15,TOR,WIN,280.0,30.8%,26.3%,4.5%,$68.07,190.58573555459202,4638.767415075691
2022-01-16,DEN,LOSS,190.0,48.4%,34.5%,13.9%,$139.16,-139.16302245227072,4499.604392623421
2022-01-16,HOU,WIN,165.0,42.1%,37.7%,4.4%,$79.63,131.38183246868218,4630.986225092102
2022-01-16,DET,LOSS,550.0,23.7%,15.4%,8.3%,$114.08,-114.07678947623722,4516.909435615865
2022-01-17,LAL,WIN,190.0,36.3%,34.5%,1.8%,$30.98,58.855079343543295,4575.764514959408
2022-01-17,OKC,LOSS,550.0,17.1%,15.4%,1.7%,$23.62,-23.624708996983113,4552.139805962425
2022-01-17,POR,WIN,-130.0,69.5%,56.5%,13.0%,$136.56,105.04938013759441,4657.1891861000195
2022-01-17,CHI,LOSS,300.0,28.2%,25.0%,3.2%,$49.35,-49.345886508913395,4607.843299591106
2022-01-17,PHI,LOSS,-125.0,63.0%,55.6%,7.5%,$138.24,-138.2352989877332,4469.608000603373
2022-01-17,NYK,LOSS,-150.0,62.4%,60.0%,2.4%,$65.75,-65.74653251389354,4403.861468089479
2022-01-17,BOS,WIN,-180.0,75.3%,64.3%,11.0%,$132.12,73.39769113482464,4477.259159224303
2022-01-17,LAC,WIN,-130.0,59.2%,56.5%,2.7%,$69.61,53.548474563313526,4530.807633787617
2022-01-18,DET,LOSS,1000.0,20.7%,9.1%,11.6%,$135.92,-135.92422901362852,4394.883404773989
2022-01-18,NYK,LOSS,155.0,45.3%,39.2%,6.1%,$110.67,-110.67334305537757,4284.2100617186115
2022-01-19,LAC,LOSS,350.0,28.9%,22.2%,6.7%,$92.40,-92.39783143585693,4191.812230282754
2022-01-19,HOU,WIN,750.0,17.9%,11.8%,6.2%,$73.32,549.9271336578654,4741.73936394062
2022-01-19,OKC,LOSS,240.0,38.5%,29.4%,9.1%,$142.25,-142.25218091821858,4599.487183022401
2022-01-19,DAL,WIN,-175.0,75.5%,63.6%,11.9%,$137.98,78.84835170895543,4678.335534731356
2022-01-19,CLE,LOSS,-160.0,63.5%,61.5%,1.9%,$58.64,-58.635230094522036,4619.7003046368345
2022-01-19,CHI,WIN,140.0,49.3%,41.7%,7.6%,$138.59,194.02741279474705,4813.727717431581
2022-01-19,POR,LOSS,360.0,23.3%,21.7%,1.5%,$23.27,-23.273797100439033,4790.453920331142
2022-01-19,MIN,LOSS,105.0,55.6%,48.8%,6.8%,$143.71,-143.71361760993426,4646.7403027212085
2022-01-20,IND,WIN,850.0,21.0%,10.5%,10.5%,$135.79,1154.1747070042486,5800.915009725457
2022-01-20,NYK,LOSS,-160.0,66.0%,61.5%,4.4%,$166.70,-166.70303819419618,5634.211971531261
2022-01-20,NOP,WIN,140.0,47.6%,41.7%,5.9%,$143.34,200.67923946715166,5834.891210998413
2022-01-21,HOU,LOSS,475.0,20.5%,17.4%,3.2%,$55.76,-55.759225724630994,5779.131985273782
2022-01-21,DET,LOSS,750.0,26.5%,11.8%,14.7%,$173.37,-173.37395955821347,5605.758025715569
2022-01-21,BKN,WIN,100.0,60.2%,50.0%,10.2%,$168.17,168.17274077146706,5773.930766487036
2022-01-21,LAL,WIN,-190.0,71.4%,65.5%,5.8%,$173.22,91.16732789190053,5865.098094378936
2022-01-22,IND,LOSS,625.0,19.0%,13.8%,5.2%,$88.51,-88.51147089347026,5776.586623485466
2022-01-22,OKC,LOSS,600.0,17.6%,14.3%,3.3%,$55.35,-55.34590473903594,5721.24071874643
2022-01-22,MIL,WIN,-320.0,82.4%,76.2%,6.2%,$171.64,53.63663173824777,5774.877350484678
2022-01-23,DET,LOSS,550.0,29.0%,15.4%,13.6%,$173.25,-173.24632051454032,5601.631029970137
2022-01-23,MIN,WIN,-145.0,64.3%,59.2%,5.1%,$168.05,115.89581441317526,5717.526844383313
2022-01-23,DAL,WIN,-170.0,67.6%,63.0%,4.6%,$171.53,100.89753254794084,5818.424376931253
2022-01-23,PHI,WIN,-120.0,61.6%,54.5%,7.0%,$174.55,145.46060942328134,5963.884986354535
2022-01-23,BOS,WIN,-135.0,59.7%,57.4%,2.3%,$79.73,59.06202682147102,6022.947013176005
2022-01-23,NYK,WIN,-175.0,70.1%,63.6%,6.5%,$180.69,103.25052022587437,6126.19753340188
2022-01-24,CHI,WIN,-110.0,60.4%,52.4%,8.0%,$183.79,167.078114547324,6293.275647949204
2022-01-24,UTA,LOSS,600.0,18.9%,14.3%,4.6%,$84.01,-84.0062695325219,6209.269378416681
2022-01-24,CLE,WIN,-190.0,77.1%,65.5%,11.6%,$186.28,98.04109544868442,6307.310473865366
2022-01-24,NOP,WIN,-165.0,70.5%,62.3%,8.3%,$189.22,114.67837225209753,6421.988846117463
2022-01-25,GSW,WIN,-165.0,68.1%,62.3%,5.8%,$192.66,116.76343356577205,6538.752279683235
2022-01-25,DAL,LOSS,145.0,50.5%,40.8%,9.7%,$196.16,-196.16256839049706,6342.589711292739
2022-01-25,SAS,WIN,-185.0,67.8%,64.9%,2.9%,$131.11,70.86932799125076,6413.459039283989
2022-01-25,HOU,LOSS,165.0,46.4%,37.7%,8.7%,$192.40,-192.40377117851966,6221.05526810547
2022-01-25,LAC,WIN,175.0,47.4%,36.4%,11.0%,$186.63,326.60540157553714,6547.660669681007
2022-01-25,DET,LOSS,235.0,34.6%,29.9%,4.8%,$110.94,-110.94364518322405,6436.717024497782
2022-01-25,NOP,LOSS,475.0,26.1%,17.4%,8.7%,$168.93,-168.93029867368966,6267.786725824093
2022-01-26,MIA,WIN,-240.0,78.5%,70.6%,8.0%,$188.03,78.34733407280117,6346.1340598968945
2022-01-26,MEM,WIN,-170.0,65.8%,63.0%,2.8%,$121.31,71.36045316604766,6417.494513062942
2022-01-26,LAC,WIN,100.0,61.7%,50.0%,11.7%,$192.52,192.52483539188825,6610.019348454831
2022-01-26,CHA,WIN,-130.0,58.7%,56.5%,2.2%,$83.00,63.84574193710739,6673.865090391938
2022-01-26,TOR,LOSS,160.0,49.1%,38.5%,10.7%,$200.22,-200.21595271175812,6473.64913768018
2022-01-26,BKN,LOSS,180.0,47.4%,35.7%,11.7%,$194.21,-194.20947413040537,6279.439663549774
2022-01-27,GSW,WIN,-240.0,74.7%,70.6%,4.1%,$188.38,78.49299579437219,6357.9326593441465
2022-01-27,PHI,WIN,-240.0,77.3%,70.6%,6.7%,$190.74,79.47415824180185,6437.406817585948
2022-01-28,MEM,WIN,-220.0,76.1%,68.8%,7.4%,$193.12,87.78282023980839,6525.189637825757
2022-01-28,NYK,LOSS,320.0,29.2%,23.8%,5.3%,$114.37,-114.37469815747382,6410.814939668283
2022-01-28,CHI,LOSS,110.0,51.7%,47.6%,4.1%,$124.83,-124.83278817865872,6285.982151489624
2022-01-28,POR,WIN,-150.0,70.9%,60.0%,10.9%,$188.58,125.71964302979244,6411.701794519417
2022-01-28,DET,LOSS,145.0,47.2%,40.8%,6.4%,$172.79,-172.78606168059,6238.915732838826
2022-01-28,LAL,LOSS,340.0,29.5%,22.7%,6.8%,$136.71,-136.7075496043551,6102.208183234471
2022-01-28,NOP,LOSS,145.0,51.7%,40.8%,10.9%,$183.07,-183.06624549703412,5919.141937737437
2022-01-29,MEM,WIN,-220.0,77.8%,68.8%,9.1%,$177.57,80.71557187823778,5999.857509615675
2022-01-29,MIA,LOSS,-145.0,69.7%,59.2%,10.5%,$180.00,-179.99572528847023,5819.861784327204
2022-01-29,NOP,LOSS,200.0,39.9%,33.3%,6.6%,$143.16,-143.15860981858938,5676.703174508615
2022-01-30,SAS,LOSS,650.0,18.1%,13.3%,4.8%,$78.26,-78.26330322258625,5598.439871286029
2022-01-30,DAL,LOSS,-190.0,73.0%,65.5%,7.4%,$167.95,-167.95319613858086,5430.486675147448
2022-01-30,POR,LOSS,180.0,42.8%,35.7%,7.0%,$148.86,-148.86279525013288,5281.623879897315
2022-01-30,LAL,LOSS,250.0,30.4%,28.6%,1.9%,$34.46,-34.46478006992194,5247.159099827393
2022-01-31,ATL,LOSS,115.0,60.3%,46.5%,13.8%,$157.41,-157.4147729948218,5089.7443268325715
2022-01-31,NYK,WIN,-290.0,77.1%,74.4%,2.8%,$137.80,47.515936897401744,5137.260263729973
2022-01-31,MIA,LOSS,210.0,40.5%,32.3%,8.3%,$154.12,-154.1178079118992,4983.142455818074
2022-01-31,CLE,WIN,-190.0,73.6%,65.5%,8.1%,$149.49,78.68119667081167,5061.823652488886
2022-02-01,TOR,WIN,-125.0,65.0%,55.6%,9.5%,$151.85,121.48376765973326,5183.30742014862
2022-02-01,MIN,WIN,-125.0,60.0%,55.6%,4.5%,$130.15,104.12028014386425,5287.427700292484
2022-02-01,PHX,WIN,-280.0,83.4%,73.7%,9.8%,$158.62,56.651011074562334,5344.078711367046
2022-02-01,ORL,LOSS,300.0,28.3%,25.0%,3.3%,$59.46,-59.461876492571484,5284.616834874474
2022-02-01,DET,LOSS,120.0,49.0%,45.5%,3.5%,$84.86,-84.8566670852864,5199.760167789188
2022-02-02,POR,LOSS,155.0,41.5%,39.2%,2.2%,$47.88,-47.87730987685804,5151.88285791233
2022-02-02,LAL,WIN,-175.0,69.1%,63.6%,5.5%,$154.56,88.31799184992566,5240.2008497622555
2022-02-02,OKC,WIN,550.0,17.7%,15.4%,2.3%,$35.25,193.87848054289714,5434.079330305152
2022-02-02,BOS,WIN,-245.0,78.6%,71.0%,7.6%,$163.02,66.53974690169574,5500.6190772068485
2022-02-02,CLE,LOSS,-190.0,73.4%,65.5%,7.8%,$165.02,-165.01857231620545,5335.600504890643
2022-02-03,LAC,WIN,-165.0,65.3%,62.3%,3.1%,$108.26,65.61373827048523,5401.214243161128
2022-02-03,PHX,LOSS,-155.0,62.6%,60.8%,1.8%,$63.35,-63.35285278278336,5337.861390378345
2022-02-03,SAS,LOSS,260.0,34.1%,27.8%,6.3%,$116.49,-116.48895068792207,5221.372439690424
2022-02-03,TOR,WIN,-190.0,77.5%,65.5%,11.9%,$156.64,82.44272273195402,5303.815162422377
2022-02-03,MIN,WIN,-300.0,77.3%,75.0%,2.3%,$120.84,40.27934977895432,5344.094512201332
2022-02-04,UTA,WIN,-220.0,72.2%,68.8%,3.4%,$145.47,66.12441365934701,5410.218925860679
2022-02-04,HOU,LOSS,270.0,28.7%,27.0%,1.7%,$31.44,-31.436514395505267,5378.782411465173
2022-02-04,DEN,LOSS,-230.0,74.7%,69.7%,5.0%,$161.36,-161.36347234395518,5217.418939121218
2022-02-04,TOR,WIN,-130.0,64.0%,56.5%,7.5%,$156.52,120.40197551818193,5337.820914639399
2022-02-04,CHI,WIN,-115.0,59.3%,53.5%,5.8%,$160.13,139.24750212102776,5477.068416760427
2022-02-04,DET,LOSS,400.0,23.0%,20.0%,3.0%,$51.23,-51.22765609860779,5425.840760661819
2022-02-04,DAL,WIN,105.0,59.8%,48.8%,11.0%,$162.78,170.91398396084728,5596.754744622666
2022-02-05,POR,LOSS,425.0,30.6%,19.0%,11.6%,$167.90,-167.90264233867998,5428.852102283986
2022-02-05,NYK,LOSS,180.0,41.1%,35.7%,5.4%,$113.65,-113.64626346565194,5315.205838818334
2022-02-05,MIA,WIN,-140.0,62.5%,58.3%,4.2%,$132.60,94.71141529953125,5409.917254117865
2022-02-06,LAC,LOSS,180.0,40.3%,35.7%,4.6%,$97.19,-97.19035232099517,5312.72690179687
2022-02-06,NOP,WIN,-270.0,74.9%,73.0%,1.9%,$95.06,35.20878835328974,5347.93569015016
2022-02-06,CLE,WIN,-270.0,79.1%,73.0%,6.1%,$160.44,59.42150766833508,5407.357197818495
2022-02-06,DEN,WIN,-350.0,79.3%,77.8%,1.6%,$94.37,26.963314812044292,5434.320512630539
2022-02-06,DET,LOSS,600.0,17.3%,14.3%,3.0%,$47.56,-47.562894074303756,5386.757618556236
2022-02-06,CHI,LOSS,150.0,48.3%,40.0%,8.3%,$161.60,-161.60272855668705,5225.154889999549
2022-02-07,NYK,LOSS,260.0,30.3%,27.8%,2.5%,$46.08,-46.07804690546711,5179.076843094082
2022-02-07,OKC,LOSS,600.0,19.5%,14.3%,5.2%,$79.22,-79.22447965532233,5099.852363438759
2022-02-07,PHX,WIN,-265.0,75.4%,72.6%,2.8%,$128.93,48.654561137198264,5148.506924575958
2022-02-07,TOR,WIN,-120.0,64.3%,54.5%,9.7%,$154.46,128.71267311439897,5277.219597690357
2022-02-08,MIL,WIN,-165.0,66.7%,62.3%,4.4%,$155.06,93.9764949536398,5371.196092643997
2022-02-08,LAL,LOSS,145.0,43.0%,40.8%,2.2%,$50.16,-50.156071487174266,5321.040021156823
2022-02-08,BKN,LOSS,375.0,26.7%,21.1%,5.6%,$94.73,-94.72580142527096,5226.314219731552
2022-02-08,MEM,WIN,-335.0,78.6%,77.0%,1.6%,$88.66,26.46569746594903,5252.779917197501
2022-02-08,IND,LOSS,600.0,23.1%,14.3%,8.8%,$134.94,-134.94227852323934,5117.837638674262
2022-02-08,PHX,WIN,100.0,58.7%,50.0%,8.7%,$153.54,153.53512916022785,5271.37276783449
2022-02-08,NOP,WIN,-400.0,82.8%,80.0%,2.8%,$158.14,39.53529575875868,5310.908063593249
2022-02-09,GSW,LOSS,100.0,53.1%,50.0%,3.1%,$83.26,-83.26375249745402,5227.644311095794
2022-02-09,CHI,WIN,-125.0,64.6%,55.6%,9.0%,$156.83,125.46346346629906,5353.107774562093
2022-02-09,OKC,LOSS,425.0,27.0%,19.0%,8.0%,$132.21,-132.2135134974787,5220.8942610646145
2022-02-09,CHA,LOSS,105.0,53.8%,48.8%,5.0%,$128.00,-127.99806738466229,5092.896193679952
2022-02-09,CLE,WIN,-220.0,73.6%,68.8%,4.9%,$152.79,69.44858445927208,5162.344778139224
2022-02-10,NYK,WIN,380.0,22.8%,20.8%,1.9%,$31.61,120.11053496063577,5282.45531309986
2022-02-10,PHX,WIN,-155.0,75.7%,60.8%,14.9%,$158.47,102.2410705761263,5384.696383675987
2022-02-10,DAL,WIN,-260.0,77.5%,72.2%,5.3%,$161.54,62.131112119338304,5446.827495795325
2022-02-10,DET,LOSS,525.0,20.3%,16.0%,4.3%,$69.40,-69.40018099159153,5377.427314803734
2022-02-11,BOS,WIN,-250.0,73.6%,71.4%,2.2%,$103.91,41.56438202591561,5418.991696829649
2022-02-11,ORL,LOSS,550.0,19.9%,15.4%,4.5%,$71.60,-71.60029872429911,5347.39139810535
2022-02-11,SAS,WIN,320.0,27.2%,23.8%,3.4%,$58.81,188.20545535320744,5535.596853458557
2022-02-11,CLE,WIN,-230.0,71.9%,69.7%,2.3%,$102.87,44.72660186371467,5580.323455322272
2022-02-11,OKC,LOSS,700.0,20.2%,12.5%,7.7%,$122.94,-122.9354693221771,5457.387986000095
2022-02-11,DET,LOSS,205.0,42.7%,32.8%,9.9%,$163.72,-163.72163958000286,5293.666346420092
2022-02-12,ORL,LOSS,1100.0,13.0%,8.3%,4.7%,$67.93,-67.92672760331558,5225.739618816777
2022-02-12,GSW,WIN,-280.0,77.5%,73.7%,3.8%,$156.77,55.99006734446547,5281.729686161242
2022-02-12,DAL,LOSS,-300.0,77.1%,75.0%,2.1%,$110.88,-110.87900132560709,5170.850684835635
2022-02-12,OKC,LOSS,450.0,20.5%,18.2%,2.4%,$37.35,-37.350849323982125,5133.499835511652
2022-02-12,BKN,LOSS,500.0,19.0%,16.7%,2.3%,$35.71,-35.709589475430775,5097.790246036221
2022-02-12,PHI,WIN,-145.0,66.1%,59.2%,6.9%,$152.93,105.47152233178389,5203.261768368005
2022-02-12,SAS,WIN,210.0,43.5%,32.3%,11.3%,$156.10,327.80549140718426,5531.067259775189
2022-02-12,POR,WIN,165.0,41.1%,37.7%,3.3%,$74.04,122.15815428137329,5653.225414056562
2022-02-12,TOR,LOSS,-210.0,69.2%,67.7%,1.5%,$66.06,-66.05647450145254,5587.168939555109
2022-02-13,IND,LOSS,260.0,29.9%,27.8%,2.1%,$40.84,-40.83557872521463,5546.333360829894
2022-02-14,HOU,LOSS,900.0,14.5%,10.0%,4.5%,$70.04,-70.03962355144223,5476.293737278452
2022-02-14,ORL,LOSS,475.0,20.8%,17.4%,3.4%,$56.71,-56.71322355660097,5419.58051372185
2022-02-14,CHI,WIN,-150.0,63.5%,60.0%,3.5%,$120.02,80.01605773079174,5499.596571452642
2022-02-14,POR,WIN,475.0,24.1%,17.4%,6.7%,$111.47,529.4721403163906,6029.068711769032
2022-02-14,SAC,LOSS,-125.0,63.0%,55.6%,7.4%,$180.87,-180.87206135307096,5848.196650415961
2022-02-15,LAC,LOSS,650.0,16.8%,13.3%,3.5%,$58.58,-58.57702886376105,5789.6196215521995
2022-02-15,MIN,WIN,-240.0,74.4%,70.6%,3.8%,$173.69,72.3702452694025,5861.989866821602
2022-02-15,BOS,WIN,-130.0,64.3%,56.5%,7.8%,$175.86,135.27668923434464,5997.266556055946
2022-02-15,DAL,WIN,180.0,39.3%,35.7%,3.6%,$83.35,150.03032224525992,6147.296878301207
2022-02-15,IND,LOSS,700.0,22.4%,12.5%,9.9%,$174.14,-174.13664840310264,5973.160229898104
2022-02-16,OKC,LOSS,280.0,32.6%,26.3%,6.3%,$127.12,-127.11576169313355,5846.044468204971
2022-02-16,HOU,LOSS,1000.0,13.2%,9.1%,4.2%,$66.76,-66.7589735864381,5779.2854946185325
2022-02-16,DEN,WIN,175.0,45.1%,36.4%,8.7%,$173.38,303.41248846747294,6082.6979830860055
2022-02-16,CHI,WIN,-240.0,76.5%,70.6%,5.9%,$182.48,76.03372478857507,6158.731707874581
2022-02-16,POR,WIN,550.0,18.7%,15.4%,3.3%,$59.58,327.68320648013344,6486.414914354715
2022-02-17,MIA,WIN,-170.0,71.0%,63.0%,8.0%,$194.59,114.46614554743617,6600.881059902151
2022-02-24,DEN,WIN,-165.0,74.6%,62.3%,12.3%,$198.03,120.01601927094816,6720.897079173099
2022-02-24,CHI,WIN,-150.0,64.2%,60.0%,4.2%,$174.96,116.6417365845602,6837.538815757659
2022-02-24,BOS,WIN,-400.0,81.7%,80.0%,1.7%,$144.63,36.15667745044076,6873.6954932081
2022-02-24,CLE,LOSS,-220.0,75.3%,68.8%,6.5%,$206.21,-206.210864796243,6667.484628411857
2022-02-25,LAC,WIN,125.0,55.8%,44.4%,11.4%,$200.02,250.03067356544463,6917.5153019773015
2022-02-25,DAL,LOSS,195.0,47.1%,33.9%,13.2%,$207.53,-207.52545905931905,6709.989842917982
2022-02-25,PHX,LOSS,-260.0,75.5%,72.2%,3.2%,$195.46,-195.4631652229779,6514.526677695004
2022-02-25,PHI,WIN,-140.0,60.5%,58.3%,2.2%,$84.97,60.69515442446918,6575.221832119473
2022-02-25,MIN,LOSS,120.0,50.1%,45.5%,4.6%,$139.48,-139.48224301676663,6435.739589102706
2022-02-25,MIA,WIN,-240.0,77.3%,70.6%,6.7%,$193.07,80.44674486378383,6516.186333966491
2022-02-25,ORL,WIN,-160.0,66.0%,61.5%,4.5%,$191.01,119.3789038047282,6635.565237771219
2022-02-25,OKC,WIN,270.0,39.2%,27.0%,12.1%,$199.07,537.4807842594687,7173.046022030687
2022-02-26,CHI,LOSS,115.0,50.1%,46.5%,3.6%,$119.31,-119.30844374856733,7053.737578282119
2022-02-26,BKN,WIN,400.0,24.5%,20.0%,4.5%,$98.40,393.6069469749323,7447.344525257052
2022-02-26,SAS,LOSS,600.0,22.4%,14.3%,8.1%,$176.11,-176.11163206745093,7271.232893189601
2022-02-26,DEN,WIN,-350.0,83.2%,77.8%,5.4%,$218.14,62.32485337019655,7333.557746559797
2022-02-26,ATL,WIN,-180.0,71.6%,64.3%,7.3%,$220.01,122.22596244266327,7455.7837090024605
2022-02-26,DET,LOSS,500.0,20.4%,16.7%,3.8%,$84.15,-84.15492254378093,7371.628786458679
2022-02-27,POR,LOSS,280.0,31.0%,26.3%,4.7%,$118.33,-118.33280839375988,7253.29597806492
2022-02-27,DAL,WIN,140.0,44.0%,41.7%,2.4%,$73.57,102.99782808234963,7356.29380614727
2022-02-27,LAC,WIN,-260.0,80.2%,72.2%,8.0%,$220.69,84.8803131478531,7441.174119295123
2022-02-27,DET,WIN,450.0,22.1%,18.2%,3.9%,$89.01,400.5610219898282,7841.735141284951
2022-02-28,CHA,LOSS,425.0,25.7%,19.0%,6.7%,$161.50,-161.5018928465205,7680.233248438431
2022-02-28,SAS,LOSS,320.0,25.7%,23.8%,1.8%,$46.56,-46.55593580479792,7633.677312633633
2022-02-28,MIA,WIN,-190.0,74.2%,65.5%,8.7%,$229.01,120.53174704158364,7754.209059675217
2022-02-28,IND,LOSS,120.0,53.9%,45.5%,8.5%,$232.63,-232.6262717902565,7521.58278788496
2022-02-28,TOR,WIN,-155.0,64.9%,60.8%,4.1%,$195.85,126.35768492866397,7647.940472813624
2022-03-01,DAL,WIN,-200.0,69.2%,66.7%,2.5%,$143.07,71.53590111955685,7719.476373933181
2022-03-01,MIN,WIN,150.0,54.5%,40.0%,14.5%,$231.58,347.37643682699314,8066.852810760174
2022-03-01,LAC,WIN,-270.0,79.8%,73.0%,6.9%,$242.01,89.63169789733523,8156.48450865751
2022-03-02,OKC,WIN,900.0,20.4%,10.0%,10.4%,$236.02,2124.1355300880045,10280.620038745514
2022-03-02,NOP,WIN,-250.0,81.5%,71.4%,10.1%,$308.42,123.36744046494613,10403.98747921046
2022-03-02,HOU,LOSS,850.0,16.3%,10.5%,5.7%,$166.61,-166.6087440906206,10237.378735119839
2022-03-02,ORL,LOSS,110.0,56.2%,47.6%,8.6%,$307.12,-307.12136205359513,9930.257373066244
2022-03-02,CLE,LOSS,-170.0,67.2%,63.0%,4.2%,$283.08,-283.0822667080019,9647.175106358243
2022-03-02,CHA,WIN,150.0,44.8%,40.0%,4.8%,$194.81,292.2117249011333,9939.386831259377
2022-03-03,TOR,LOSS,-360.0,79.9%,78.3%,1.6%,$185.10,-185.10297215376383,9754.283859105613
2022-03-03,ATL,WIN,-130.0,65.1%,56.5%,8.6%,$292.63,225.09885828705256,9979.382717392666
2022-03-04,PHX,WIN,-250.0,83.3%,71.4%,11.8%,$299.38,119.75259260871196,10099.135310001378
2022-03-04,DEN,WIN,-450.0,84.0%,81.8%,2.2%,$302.51,67.2240849632773,10166.359394964657
2022-03-04,OKC,LOSS,350.0,30.9%,22.2%,8.7%,$283.81,-283.8121159387126,9882.547279025945
2022-03-04,ORL,WIN,260.0,32.6%,27.8%,4.8%,$163.41,424.87432408902987,10307.421603114974
2022-03-04,DET,WIN,120.0,48.9%,45.5%,3.5%,$163.20,195.84184030065785,10503.263443415632
2022-03-05,LAL,WIN,190.0,36.9%,34.5%,2.4%,$96.64,183.62194329370772,10686.885386709338
2022-03-05,GSW,LOSS,-220.0,71.2%,68.8%,2.4%,$207.58,-207.57689498838593,10479.308491720953
2022-03-05,POR,LOSS,700.0,20.8%,12.5%,8.3%,$248.92,-248.92477847417726,10230.383713246776
2022-03-05,ORL,LOSS,900.0,17.5%,10.0%,7.5%,$212.31,-212.31093490257047,10018.072778344205
2022-03-05,SAS,LOSS,150.0,41.7%,40.0%,1.7%,$69.13,-69.1253466161741,9948.947431728031
2022-03-05,CHA,WIN,-170.0,64.7%,63.0%,1.7%,$117.42,69.06766598414289,10018.015097712174
2022-03-06,NOP,LOSS,165.0,51.0%,37.7%,13.3%,$300.54,-300.5404529313652,9717.474644780808
2022-03-06,LAC,LOSS,-230.0,77.6%,69.7%,7.9%,$291.52,-291.52423934342426,9425.950405437385
2022-03-06,TOR,LOSS,175.0,44.3%,36.4%,8.0%,$282.78,-282.77851216312155,9143.171893274262
2022-03-07,POR,LOSS,750.0,19.0%,11.8%,7.3%,$188.14,-188.1379146565945,8955.033978617668
2022-03-07,NYK,WIN,150.0,53.7%,40.0%,13.7%,$268.65,402.9765290377951,9358.010507655463
2022-03-07,HOU,LOSS,1100.0,12.2%,8.3%,3.8%,$98.13,-98.12696324517917,9259.883544410284
2022-03-07,CHI,LOSS,270.0,29.8%,27.0%,2.7%,$86.64,-86.64262577217863,9173.240918638106
2022-03-07,DET,WIN,250.0,31.8%,28.6%,3.2%,$102.39,255.97211109878586,9429.213029736893
2022-03-07,GSW,LOSS,290.0,31.8%,25.6%,6.2%,$195.47,-195.4738214209286,9233.739208315965
2022-03-08,OKC,LOSS,700.0,25.2%,12.5%,12.7%,$277.01,-277.01217624947896,8956.727032066487
2022-03-08,CLE,WIN,-145.0,63.1%,59.2%,3.9%,$212.15,146.30840423152003,9103.035436298007
2022-03-08,PHX,WIN,-245.0,77.1%,71.0%,6.1%,$273.09,111.46574003630212,9214.50117633431
2022-03-09,SAS,LOSS,100.0,53.9%,50.0%,3.9%,$181.39,-181.38889851187537,9033.112277822434
2022-03-09,POR,LOSS,1400.0,19.9%,6.7%,13.2%,$270.99,-270.99336833467305,8762.11890948776
2022-03-09,OKC,LOSS,800.0,15.6%,11.1%,4.5%,$111.83,-111.82921349311425,8650.289695994647
2022-03-09,HOU,WIN,260.0,40.7%,27.8%,12.9%,$259.51,674.7225962875824,9325.012292282228
2022-03-09,MIL,WIN,-185.0,66.6%,64.9%,1.6%,$109.24,59.04743170106788,9384.059723983297
2022-03-09,DET,LOSS,215.0,35.7%,31.7%,3.9%,$134.48,-134.47702038227288,9249.582703601023
2022-03-10,PHI,LOSS,-180.0,74.9%,64.3%,10.7%,$277.49,-277.4874811080307,8972.095222492993
2022-03-11,NYK,LOSS,340.0,26.5%,22.7%,3.8%,$110.55,-110.5453036653619,8861.549918827632
2022-03-11,PHX,LOSS,-210.0,81.3%,67.7%,13.6%,$265.85,-265.84649756482895,8595.703421262802
2022-03-11,SAS,WIN,190.0,42.2%,34.5%,7.7%,$251.71,478.2564533232036,9073.959874586006
2022-03-11,ORL,WIN,300.0,39.8%,25.0%,14.8%,$272.22,816.6563887127404,9890.616263298747
2022-03-11,DET,LOSS,700.0,15.5%,12.5%,3.0%,$85.40,-85.4045161962243,9805.211747102523
2022-03-11,HOU,LOSS,450.0,22.9%,18.2%,4.7%,$141.05,-141.05400736400648,9664.157739738517
2022-03-12,SAS,LOSS,-130.0,67.2%,56.5%,10.7%,$289.92,-289.9247321921555,9374.233007546361
2022-03-12,GSW,WIN,110.0,53.0%,47.6%,5.4%,$239.55,263.5077012614498,9637.74070880781
2022-03-13,PHX,WIN,-330.0,83.4%,76.7%,6.6%,$289.13,87.61582462552553,9725.356533433336
2022-03-13,OKC,LOSS,800.0,22.7%,11.1%,11.6%,$291.76,-291.7606960030001,9433.595837430335
2022-03-13,NOP,WIN,-250.0,79.5%,71.4%,8.1%,$283.01,113.203150049164,9546.7989874795
2022-03-13,IND,LOSS,550.0,18.7%,15.4%,3.3%,$93.79,-93.78608373695037,9453.01290374255
2022-03-13,DAL,WIN,240.0,31.9%,29.4%,2.5%,$84.87,203.68180657434385,9656.694710316895
2022-03-13,NYK,LOSS,200.0,45.2%,33.3%,11.9%,$289.70,-289.7008413095068,9366.993869007389
2022-03-14,TOR,WIN,-185.0,69.5%,64.9%,4.6%,$281.01,151.89719787579548,9518.891066883185
2022-03-14,UTA,LOSS,-135.0,65.5%,57.4%,8.1%,$285.57,-285.56673200649556,9233.32433487669
2022-03-14,MIL,WIN,115.0,49.3%,46.5%,2.8%,$120.71,138.82074699423697,9372.145081870927
2022-03-14,CHI,LOSS,-180.0,66.2%,64.3%,1.9%,$122.67,-122.6687123105091,9249.476369560418
2022-03-14,OKC,LOSS,450.0,26.4%,18.2%,8.2%,$231.62,-231.62125970272365,9017.855109857694
2022-03-14,DEN,WIN,145.0,44.1%,40.8%,3.3%,$126.95,184.07152554537757,9201.926635403071
2022-03-14,POR,LOSS,700.0,21.8%,12.5%,9.3%,$244.83,-244.83366619374885,8957.092969209323
2022-03-14,LAC,LOSS,240.0,32.1%,29.4%,2.6%,$83.87,-83.87389675333384,8873.21907245599
2022-03-14,MIN,WIN,-165.0,65.0%,62.3%,2.8%,$162.90,98.72847726927749,8971.947549725268
2022-03-15,DET,LOSS,700.0,17.4%,12.5%,4.9%,$125.47,-125.46583537138352,8846.481714353884
2022-03-16,SAC,LOSS,330.0,30.2%,23.3%,7.0%,$200.92,-200.91531295983953,8645.566401394044
2022-03-16,BOS,WIN,105.0,53.7%,48.8%,4.9%,$205.51,215.782640485802,8861.349041879846
2022-03-16,CHI,LOSS,230.0,35.1%,30.3%,4.8%,$151.40,-151.39500533368033,8709.954036546165
2022-03-16,POR,LOSS,575.0,23.5%,14.8%,8.7%,$222.13,-222.1343040470733,8487.819732499092
2022-03-16,CLE,LOSS,150.0,51.0%,40.0%,11.0%,$254.63,-254.63459197497275,8233.18514052412
2022-03-16,CHA,WIN,-110.0,57.1%,52.4%,4.7%,$203.23,184.75646276230663,8417.941603286426
2022-03-17,DET,WIN,125.0,49.8%,44.4%,5.3%,$202.65,253.31772314857804,8671.259326435005
2022-03-18,UTA,WIN,-220.0,77.1%,68.8%,8.4%,$260.14,118.24444536047734,8789.503771795482
2022-03-18,NOP,WIN,110.0,60.5%,47.6%,12.9%,$263.69,290.0536244692509,9079.557396264732
2022-03-18,IND,WIN,-165.0,65.8%,62.3%,3.6%,$213.63,129.47243947981772,9209.02983574455
2022-03-18,OKC,LOSS,900.0,14.8%,10.0%,4.8%,$123.90,-123.90257422997938,9085.12726151457
2022-03-18,DAL,LOSS,165.0,52.4%,37.7%,14.7%,$272.55,-272.5538178454371,8812.573443669133
2022-03-18,ATL,WIN,210.0,45.4%,32.3%,13.2%,$264.38,555.1921269511554,9367.765570620288
2022-03-18,CLE,WIN,125.0,47.3%,44.4%,2.9%,$122.23,152.78759850414568,9520.553169124434
2022-03-18,NYK,WIN,-250.0,79.9%,71.4%,8.5%,$285.62,114.24663802949318,9634.799807153928
2022-03-18,POR,LOSS,750.0,24.1%,11.8%,12.3%,$289.04,-289.04399421461784,9345.75581293931
2022-03-19,CHA,WIN,-135.0,59.3%,57.4%,1.8%,$101.44,75.13804987819378,9420.893862817504
2022-03-19,CLE,WIN,-235.0,73.9%,70.1%,3.8%,$282.63,120.2667301636277,9541.160592981132
2022-03-20,BOS,WIN,-145.0,69.9%,59.2%,10.8%,$286.23,197.40332261340276,9738.563915594536
2022-03-20,TOR,WIN,290.0,36.6%,25.6%,10.9%,$292.16,847.2550606567246,10585.81897625126
2022-03-20,GSW,LOSS,-265.0,78.6%,72.6%,6.0%,$317.57,-317.57456928753777,10268.244406963722
2022-03-20,OKC,LOSS,290.0,40.4%,25.6%,14.8%,$308.05,-308.04733220891166,9960.197074754811
2022-03-20,PHX,WIN,-350.0,81.0%,77.8%,3.3%,$298.81,85.37311778361261,10045.570192538424
2022-03-20,HOU,LOSS,550.0,18.1%,15.4%,2.7%,$80.15,-80.15150625583787,9965.418686282586
2022-03-20,POR,LOSS,290.0,34.4%,25.6%,8.7%,$293.00,-293.00433062014093,9672.414355662446
2022-03-21,OKC,LOSS,700.0,14.3%,12.5%,1.8%,$48.70,-48.70412693346184,9623.710228728984
2022-03-21,HOU,WIN,145.0,44.2%,40.8%,3.3%,$135.86,196.99917621146466,9820.709404940448
2022-03-21,POR,WIN,375.0,31.7%,21.1%,10.7%,$294.62,1104.8298080558004,10925.539212996247
2022-03-21,CLE,LOSS,-200.0,69.8%,66.7%,3.1%,$257.91,-257.9085163752787,10667.630696620969
2022-03-22,DEN,WIN,-260.0,75.9%,72.2%,3.7%,$320.03,123.0880464994727,10790.718743120442
2022-03-22,ORL,WIN,260.0,35.8%,27.8%,8.0%,$298.69,776.5821013409595,11567.300844461402
2022-03-22,NYK,LOSS,145.0,50.3%,40.8%,9.5%,$347.02,-347.0190253338421,11220.28181912756
2022-03-23,LAL,LOSS,375.0,30.4%,21.1%,9.3%,$331.25,-331.2531254970232,10889.028693630537
2022-03-23,PHX,WIN,105.0,58.6%,48.8%,9.8%,$326.67,343.00440384936184,11232.033097479898
2022-03-23,GSW,WIN,400.0,28.1%,20.0%,8.1%,$285.36,1141.4489976314749,12373.482095111372
2022-03-23,BOS,WIN,-200.0,75.4%,66.7%,8.7%,$371.20,185.60223142667058,12559.084326538043
2022-03-23,SAC,WIN,190.0,44.5%,34.5%,10.0%,$376.77,715.8678066126683,13274.952133150711
2022-03-24,PHX,WIN,-105.0,63.6%,51.2%,12.4%,$398.25,379.28434666144886,13654.23647981216
2022-03-24,NOP,WIN,-160.0,69.3%,61.5%,7.7%,$409.63,256.016933996478,13910.253413808638
2022-03-24,TOR,WIN,-200.0,70.6%,66.7%,4.0%,$414.30,207.15087109665401,14117.404284905291
2022-03-24,MIL,WIN,-400.0,83.5%,80.0%,3.5%,$423.52,105.88053213678968,14223.28481704208
2022-03-25,MIN,WIN,-165.0,69.6%,62.3%,7.4%,$426.70,258.60517849167417,14481.889995533755
2022-03-25,PHI,WIN,-220.0,73.5%,68.8%,4.7%,$434.46,197.48031812091486,14679.37031365467
2022-03-25,POR,LOSS,160.0,48.1%,38.5%,9.7%,$440.38,-440.3811094096401,14238.98920424503
2022-03-25,NYK,WIN,350.0,34.7%,22.2%,12.5%,$427.17,1495.093866445728,15734.083070690758
2022-03-25,ATL,WIN,-130.0,62.4%,56.5%,5.9%,$472.02,363.09422470824825,16097.177295399006
2022-03-25,DET,LOSS,-170.0,67.3%,63.0%,4.4%,$473.27,-473.2704011246334,15623.906894274372
2022-03-26,OKC,LOSS,950.0,20.4%,9.5%,10.9%,$468.72,-468.71720682823116,15155.189687446142
2022-03-26,MEM,WIN,100.0,61.8%,50.0%,11.8%,$454.66,454.65569062338426,15609.845378069525
2022-03-26,MIA,LOSS,120.0,54.8%,45.5%,9.4%,$468.30,-468.29536134208576,15141.55001672744
2022-03-26,CHI,WIN,110.0,60.3%,47.6%,12.7%,$454.25,499.6711505520056,15641.221167279446
2022-03-26,IND,LOSS,500.0,20.1%,16.7%,3.4%,$159.92,-159.9221404894619,15481.299026789984
2022-03-26,SAC,WIN,120.0,55.1%,45.5%,9.6%,$464.44,557.3267649644395,16038.625791754424
2022-03-27,DAL,WIN,-170.0,69.7%,63.0%,6.7%,$481.16,283.03457279566635,16321.66036455009
2022-03-27,NOP,WIN,-160.0,72.0%,61.5%,10.5%,$489.65,306.0311318353142,16627.691496385407
2022-03-27,PHX,WIN,-185.0,74.8%,64.9%,9.9%,$498.83,269.6382404819255,16897.329736867334
2022-03-28,OKC,WIN,100.0,62.6%,50.0%,12.6%,$506.92,506.91989210602,17404.249628973354
2022-03-28,HOU,LOSS,350.0,35.3%,22.2%,13.1%,$522.13,-522.1274888692005,16882.122140104155
2022-03-28,SAC,LOSS,800.0,25.4%,11.1%,14.2%,$506.46,-506.4636642031246,16375.65847590103
2022-03-28,IND,LOSS,265.0,36.2%,27.4%,8.8%,$491.27,-491.26975427703087,15884.388721623998
2022-03-28,ORL,LOSS,330.0,35.4%,23.3%,12.1%,$476.53,-476.53166164871993,15407.857059975278
2022-03-29,UTA,LOSS,-140.0,64.7%,58.3%,6.4%,$462.24,-462.23571179925835,14945.62134817602
2022-03-29,LAL,LOSS,550.0,23.3%,15.4%,7.9%,$350.68,-350.6838224041221,14594.937525771898
2022-03-29,DET,LOSS,750.0,20.5%,11.8%,8.8%,$362.99,-362.98588494076813,14231.95164083113
2022-03-30,MEM,WIN,-200.0,69.1%,66.7%,2.4%,$255.53,127.76633576847391,14359.717976599604
2022-03-30,OKC,LOSS,600.0,22.5%,14.3%,8.3%,$345.83,-345.8272594071233,14013.89071719248
2022-03-30,PHX,WIN,-200.0,74.0%,66.7%,7.3%,$420.42,210.2083607578872,14224.099077950368
2022-03-30,POR,LOSS,850.0,17.4%,10.5%,6.9%,$273.66,-273.66085835224806,13950.43821959812
2022-03-30,HOU,LOSS,130.0,50.6%,43.5%,7.1%,$418.51,-418.5131465879436,13531.925073010176
2022-03-30,BOS,LOSS,-200.0,77.2%,66.7%,10.5%,$405.96,-405.95775219030526,13125.967320819871
2022-03-30,ORL,LOSS,145.0,43.6%,40.8%,2.8%,$153.78,-153.7751867129646,12972.192134106906
2022-03-30,IND,LOSS,400.0,32.9%,20.0%,12.9%,$389.17,-389.1657640232072,12583.026370083699
2022-03-30,DAL,WIN,-130.0,60.8%,56.5%,4.3%,$308.35,237.19198052638745,12820.218350610086
2022-03-31,LAL,LOSS,650.0,26.5%,13.3%,13.2%,$384.61,-384.6065505183026,12435.611800091783
2022-03-31,MIL,WIN,105.0,53.8%,48.8%,5.1%,$307.52,322.8941278454691,12758.505927937253
2022-03-31,DET,WIN,375.0,35.6%,21.1%,14.5%,$382.76,1435.3319168929409,14193.837844830194
2022-03-31,ATL,WIN,-255.0,75.7%,71.8%,3.8%,$425.82,166.98632758623754,14360.82417241643
2022-04-01,MIN,WIN,120.0,55.6%,45.5%,10.1%,$430.82,516.9896702069915,14877.813842623422
2022-04-01,DEN,LOSS,-140.0,63.9%,58.3%,5.6%,$446.33,-446.33441527870264,14431.479427344719
2022-04-01,POR,LOSS,800.0,17.7%,11.1%,6.6%,$268.65,-268.64776642619387,14162.831660918524
2022-04-01,MIL,LOSS,-165.0,71.2%,62.3%,8.9%,$424.88,-424.8849498275557,13737.946711090968
2022-04-01,IND,LOSS,900.0,15.7%,10.0%,5.7%,$216.16,-216.15918404251764,13521.787527048451
2022-04-02,GSW,WIN,120.0,57.5%,45.5%,12.0%,$405.65,486.7843509737443,14008.571878022196
2022-04-02,MIA,WIN,-140.0,61.8%,58.3%,3.5%,$290.79,207.70359439984182,14216.275472422038
2022-04-02,CHI,LOSS,120.0,53.6%,45.5%,8.2%,$426.49,-426.4882641726611,13789.787208249376
2022-04-02,CHA,LOSS,190.0,37.8%,34.5%,3.4%,$177.16,-177.15808975052082,13612.629118498855
2022-04-03,POR,LOSS,800.0,17.9%,11.1%,6.8%,$259.37,-259.36609302673713,13353.263025472117
2022-04-03,OKC,WIN,800.0,15.1%,11.1%,4.0%,$148.79,1190.321381968479,14543.584407440596
2022-04-03,HOU,LOSS,750.0,20.2%,11.8%,8.4%,$347.53,-347.5256512234871,14196.05875621711
2022-04-03,NYK,WIN,-210.0,74.7%,67.7%,7.0%,$425.88,202.80083937453014,14398.859595591639
2022-04-03,DEN,WIN,-230.0,75.6%,69.7%,5.9%,$431.97,187.81121211641263,14586.670807708051
2022-04-05,LAL,LOSS,575.0,17.7%,14.8%,2.9%,$123.09,-123.09136435769364,14463.579443350358
2022-04-05,SAC,LOSS,265.0,32.1%,27.4%,4.7%,$233.37,-233.36770544552573,14230.211737904832
2022-04-05,SAS,WIN,330.0,37.0%,23.3%,13.7%,$426.91,1408.7909620525782,15639.002699957411
2022-04-05,OKC,WIN,-160.0,73.6%,61.5%,12.1%,$469.17,293.2313006242014,15932.234000581613
2022-04-05,MIA,WIN,-190.0,73.3%,65.5%,7.8%,$477.97,251.5615894828675,16183.795590064481
2022-04-05,HOU,LOSS,950.0,16.5%,9.5%,7.0%,$312.65,-312.6519681618825,15871.143621902598
2022-04-05,ORL,WIN,290.0,37.9%,25.6%,12.2%,$476.13,1380.789495105526,17251.933117008124
2022-04-05,IND,LOSS,500.0,27.9%,16.7%,11.3%,$517.56,-517.5579935102437,16734.37512349788
2022-04-06,OKC,LOSS,900.0,19.3%,10.0%,9.3%,$431.56,-431.5634341326393,16302.811689365242
2022-04-06,BOS,WIN,-290.0,78.2%,74.4%,3.9%,$489.08,168.64977609688182,16471.461465462125
2022-04-07,LAL,LOSS,750.0,23.5%,11.8%,11.7%,$494.14,-494.14384396386373,15977.317621498261
2022-04-07,POR,LOSS,1000.0,15.2%,9.1%,6.1%,$268.47,-268.46759827892885,15708.850023219333
2022-04-07,SAS,LOSS,240.0,31.8%,29.4%,2.4%,$135.29,-135.29477553877368,15573.555247680559
2022-04-07,ORL,LOSS,650.0,17.3%,13.3%,4.0%,$177.45,-177.45170017540133,15396.103547505158
2022-04-08,OKC,LOSS,195.0,39.6%,33.9%,5.7%,$330.82,-330.8203743442823,15065.283173160875
2022-04-08,PHX,WIN,125.0,49.8%,44.4%,5.3%,$361.22,451.53021565574977,15516.813388816625
2022-04-08,POR,LOSS,1200.0,14.2%,7.7%,6.5%,$273.36,-273.3622631934267,15243.451125623198
2022-04-09,IND,LOSS,700.0,17.2%,12.5%,4.7%,$203.22,-203.22190349641573,15040.229222126782
2022-04-09,SAC,LOSS,500.0,21.3%,16.7%,4.7%,$210.97,-210.9685001105121,14829.26072201627
2022-04-10,MIA,LOSS,-275.0,77.3%,73.3%,3.9%,$444.88,-444.8778216604881,14384.382900355782
2022-04-10,PHI,WIN,-255.0,78.4%,71.8%,6.6%,$431.53,169.2280341218327,14553.610934477614
2022-04-10,MIN,LOSS,-300.0,78.8%,75.0%,3.8%,$436.61,-436.6083280343284,14117.002606443286
2022-04-10,OKC,LOSS,550.0,18.0%,15.4%,2.6%,$109.01,-109.01209307034004,14007.990513372946
2022-04-10,HOU,LOSS,550.0,19.4%,15.4%,4.1%,$167.65,-167.64876255173408,13840.341750821211
2022-04-10,DEN,LOSS,-240.0,81.9%,70.6%,11.3%,$415.21,-415.2102525246363,13425.131498296576
2022-04-10,IND,LOSS,1000.0,16.7%,9.1%,7.6%,$282.41,-282.4064914200915,13142.725006876484
2022-04-10,MEM,LOSS,330.0,33.0%,23.3%,9.7%,$394.28,-394.28175020629453,12748.443256670189
2022-10-18,GSW,WIN,-310.0,79.9%,75.6%,4.3%,$382.45,123.37203151616309,12871.815288186352
2022-10-18,BOS,WIN,-155.0,72.9%,60.8%,12.1%,$386.15,249.13190880360673,13120.947196989959
2022-10-19,CHA,WIN,-120.0,56.9%,54.5%,2.3%,$169.28,141.07030131992917,13262.017498309888
2022-10-19,PHX,WIN,-180.0,68.5%,64.3%,4.2%,$389.19,216.2183579032954,13478.235856213183
2022-10-19,SAC,LOSS,-160.0,67.8%,61.5%,6.3%,$404.35,-404.3470756863955,13073.888780526788
2022-10-19,BKN,LOSS,-150.0,72.5%,60.0%,12.5%,$392.22,-392.2166634158036,12681.672117110984
2022-10-20,LAC,WIN,-190.0,70.1%,65.5%,4.5%,$380.45,200.2369281649102,12881.909045275894
2022-10-20,PHI,LOSS,-175.0,75.4%,63.6%,11.8%,$386.46,-386.4572713582768,12495.451773917617
2022-10-21,PHX,LOSS,-200.0,80.8%,66.7%,14.1%,$374.86,-374.8635532175285,12120.588220700089
2022-10-21,GSW,LOSS,-230.0,71.2%,69.7%,1.5%,$153.33,-153.3324257543323,11967.255794945757
2022-10-21,DEN,WIN,195.0,36.2%,33.9%,2.3%,$104.37,203.52466451620202,12170.78045946196
2022-10-21,UTA,WIN,265.0,41.4%,27.4%,14.0%,$365.12,967.5770465272258,13138.357505989185
2022-10-21,MEM,WIN,-270.0,78.9%,73.0%,5.9%,$394.15,145.98175006654645,13284.339256055731
2022-10-21,NYK,WIN,-265.0,79.3%,72.6%,6.7%,$398.53,150.3887462949705,13434.728002350701
2022-10-21,BOS,WIN,-135.0,67.9%,57.4%,10.4%,$403.04,298.5495111633489,13733.27751351405
2022-10-21,TOR,LOSS,120.0,53.0%,45.5%,7.5%,$412.00,-411.99832540542144,13321.279188108627
2022-10-22,LAC,WIN,-140.0,73.2%,58.3%,14.8%,$399.64,285.45598260232777,13606.735170710954
2022-10-22,CLE,WIN,-125.0,65.2%,55.6%,9.7%,$408.20,326.5616440970629,13933.296814808016
2022-10-22,SAS,WIN,700.0,23.0%,12.5%,10.5%,$417.44,2922.098439434714,16855.39525424273
2022-10-22,TOR,LOSS,140.0,44.7%,41.7%,3.0%,$216.53,-216.5307996919412,16638.86445455079
2022-10-22,BOS,WIN,-360.0,80.8%,78.3%,2.5%,$481.44,133.7325992036452,16772.597053754434
2022-10-23,LAC,LOSS,110.0,59.4%,47.6%,11.7%,$503.18,-503.177911612633,16269.419142141802
2022-10-23,UTA,WIN,280.0,40.7%,26.3%,14.4%,$488.08,1366.6312079399113,17636.050350081714
2022-10-23,CLE,WIN,-175.0,68.7%,63.6%,5.1%,$529.08,302.3322917156865,17938.3826417974
2022-10-23,CHA,WIN,400.0,33.9%,20.0%,13.9%,$538.15,2152.605917015688,20090.98855881309
2022-10-23,LAL,LOSS,-170.0,72.2%,63.0%,9.2%,$602.73,-602.7296567643926,19488.258902048696
2022-10-24,UTA,LOSS,-135.0,67.0%,57.4%,9.6%,$584.65,-584.6477670614609,18903.611134987234
2022-10-24,DEN,LOSS,-220.0,76.6%,68.8%,7.9%,$567.11,-567.1083340496169,18336.50280093762
2022-10-24,SAS,WIN,300.0,38.6%,25.0%,13.6%,$550.10,1650.2852520843858,19986.788053022003
2022-10-24,MEM,WIN,-120.0,67.8%,54.5%,13.2%,$599.60,499.6697013255501,20486.457754347553
2022-10-24,BOS,LOSS,-210.0,77.6%,67.7%,9.9%,$614.59,-614.5937326304265,19871.864021717127
2022-10-24,NYK,WIN,-300.0,80.7%,75.0%,5.7%,$596.16,198.71864021717124,20070.5826619343
2022-10-24,TOR,WIN,150.0,50.3%,40.0%,10.3%,$602.12,903.1762197870434,20973.758881721344
2022-10-24,IND,LOSS,550.0,19.1%,15.4%,3.7%,$230.22,-230.21773508021218,20743.54114664113
2022-10-25,LAC,LOSS,-220.0,72.6%,68.8%,3.8%,$622.31,-622.306234399234,20121.234912241896
2022-10-26,MIA,WIN,-140.0,73.2%,58.3%,14.9%,$603.64,431.1693195480407,20552.404231789937
2022-10-26,DEN,WIN,-200.0,69.8%,66.7%,3.2%,$485.73,242.86657194628881,20795.270803736224
2022-10-26,CHI,WIN,-280.0,83.9%,73.7%,10.2%,$623.86,222.80647289717385,21018.077276633398
2022-10-26,MIL,WIN,-160.0,66.8%,61.5%,5.2%,$630.54,394.08894893687614,21412.166225570272
2022-10-27,OKC,WIN,220.0,35.2%,31.2%,3.9%,$306.57,674.455161033964,22086.621386604238
2022-10-28,NOP,LOSS,265.0,30.0%,27.4%,2.6%,$198.13,-198.12500108572232,21888.496385518516
2022-10-28,MIN,WIN,-310.0,79.7%,75.6%,4.1%,$656.65,211.82415856953398,22100.32054408805
2022-10-28,NYK,LOSS,195.0,37.9%,33.9%,4.0%,$330.46,-330.4601541601144,21769.860389927933
2022-10-28,IND,WIN,180.0,39.2%,35.7%,3.5%,$295.84,532.5071165633912,22302.367506491326
2022-10-28,CHA,LOSS,-125.0,67.0%,55.6%,11.5%,$669.07,-669.0710251947397,21633.296481296587
2022-10-28,ATL,WIN,-240.0,72.5%,70.6%,1.9%,$349.10,145.45932702638714,21778.755808322974
2022-10-28,TOR,LOSS,-160.0,69.5%,61.5%,8.0%,$653.36,-653.3626742496892,21125.393134073285
2022-10-29,OKC,WIN,400.0,23.3%,20.0%,3.3%,$217.60,870.4047516558611,21995.797885729145
2022-10-29,IND,WIN,450.0,28.9%,18.2%,10.7%,$659.87,2969.432714573434,24965.23060030258
2022-10-29,MIA,LOSS,-165.0,72.0%,62.3%,9.7%,$748.96,-748.9569180090774,24216.273682293504
2022-10-30,DEN,LOSS,-150.0,70.0%,60.0%,10.0%,$726.49,-726.488210468805,23489.7854718247
2022-10-30,DET,WIN,260.0,38.3%,27.8%,10.5%,$704.69,1832.2032668023267,25321.988738627027
2022-10-30,CLE,WIN,-170.0,67.3%,63.0%,4.3%,$739.13,434.78195702106115,25756.770695648087
2022-10-30,NOP,WIN,110.0,62.5%,47.6%,14.8%,$772.70,849.973432956387,26606.744128604474
2022-10-31,UTA,WIN,120.0,52.5%,45.5%,7.1%,$798.20,957.8427886297611,27564.586917234235
2022-10-31,DET,LOSS,600.0,18.0%,14.3%,3.7%,$300.75,-300.74888400895526,27263.838033225282
2022-10-31,IND,LOSS,270.0,34.0%,27.0%,7.0%,$653.16,-653.1595396975034,26610.67849352778
2022-10-31,PHI,WIN,-135.0,70.8%,57.4%,13.3%,$798.32,591.3484109672839,27202.026904495062
2022-11-01,PHX,WIN,-170.0,77.5%,63.0%,14.6%,$816.06,480.03576890285416,27682.062673397915
2022-11-01,OKC,WIN,-155.0,68.5%,60.8%,7.7%,$830.46,535.7818581947982,28217.844531592713
2022-11-01,CHI,WIN,110.0,55.3%,47.6%,7.7%,$846.54,931.1888695425596,29149.03340113527
2022-11-01,MIA,WIN,-115.0,61.3%,53.5%,7.8%,$874.47,760.4095669861373,29909.44296812141
2022-11-02,MEM,WIN,-210.0,74.4%,67.7%,6.6%,$897.28,427.2777566874488,30336.72072480886
2022-11-02,DET,LOSS,475.0,19.3%,17.4%,2.0%,$179.71,-179.71056739680043,30157.01015741206
2022-11-02,CHA,LOSS,200.0,38.6%,33.3%,5.3%,$600.20,-600.2007427196975,29556.80941469236
2022-11-02,NYK,LOSS,-135.0,62.1%,57.4%,4.6%,$806.43,-806.4338252376851,28750.375589454678
2022-11-02,MIA,WIN,-190.0,76.0%,65.5%,10.4%,$862.51,453.9532987808632,29204.32888823554
2022-11-02,PHI,LOSS,-220.0,81.7%,68.8%,12.9%,$876.13,-876.1298666470663,28328.199021588476
2022-11-02,CLE,WIN,105.0,55.6%,48.8%,6.8%,$849.85,892.3382691800367,29220.537290768512
2022-11-04,POR,WIN,500.0,18.3%,16.7%,1.6%,$142.28,711.4152483057176,29931.95253907423
2022-11-04,GSW,LOSS,400.0,27.3%,20.0%,7.3%,$687.27,-687.2695249033686,29244.683014170863
2022-11-04,CHA,LOSS,450.0,29.1%,18.2%,10.9%,$877.34,-877.3404904251258,28367.342523745738
2022-11-04,CLE,WIN,-165.0,74.6%,62.3%,12.3%,$851.02,515.7698640681043,28883.112387813842
2022-11-04,MIA,LOSS,-150.0,71.5%,60.0%,11.5%,$866.49,-866.4933716344152,28016.619016179426
2022-11-04,PHI,LOSS,-130.0,68.9%,56.5%,12.4%,$840.50,-840.4985704853827,27176.120445694043
2022-11-04,BKN,WIN,130.0,52.1%,43.5%,8.6%,$815.28,1059.8686973820675,28235.98914307611
2022-11-04,BOS,WIN,-270.0,75.5%,73.0%,2.6%,$666.86,246.98434957074275,28482.97349264685
2022-11-05,SAS,LOSS,450.0,29.8%,18.2%,11.7%,$854.49,-854.4892047794056,27628.484287867446
2022-11-05,MIN,WIN,-300.0,81.4%,75.0%,6.4%,$828.85,276.2848428786744,27904.76913074612
2022-11-05,MIL,WIN,-210.0,78.6%,67.7%,10.8%,$837.14,398.6395590106589,28303.40868975678
2022-11-05,ATL,WIN,-130.0,60.5%,56.5%,4.0%,$645.62,496.633418938893,28800.042108695674
2022-11-06,MEM,WIN,-400.0,82.6%,80.0%,2.6%,$864.00,216.00031581521753,29016.04242451089
2022-11-06,TOR,WIN,-175.0,77.9%,63.6%,14.2%,$870.48,497.41787013447237,29513.460294645363
2022-11-06,CLE,WIN,-210.0,69.8%,67.7%,2.1%,$474.32,225.86577592587247,29739.326070571235
2022-11-07,NYK,WIN,120.0,47.9%,45.5%,2.4%,$331.05,397.2637046328609,30136.589775204095
2022-11-07,DAL,WIN,-220.0,70.4%,68.8%,1.7%,$403.83,183.55788111511532,30320.14765631921
2022-11-07,UTA,WIN,-275.0,80.3%,73.3%,7.0%,$909.60,330.765247159846,30650.912903479053
2022-11-07,LAC,WIN,160.0,45.0%,38.5%,6.6%,$819.58,1311.3299764294732,31962.242879908525
2022-11-07,SAC,LOSS,270.0,38.2%,27.0%,11.2%,$958.87,-958.8672863972557,31003.375593511268
2022-11-07,DET,WIN,110.0,52.5%,47.6%,4.8%,$717.17,788.8871206502178,31792.262714161487
2022-11-07,CHA,LOSS,-130.0,60.7%,56.5%,4.1%,$756.39,-756.3907468695581,31035.87196729193
2022-11-07,PHI,WIN,110.0,57.0%,47.6%,9.4%,$931.08,1024.1837749206336,32060.055742212564
2022-11-07,MIA,LOSS,-200.0,75.7%,66.7%,9.0%,$961.80,-961.8016722663768,31098.254069946186
2022-11-07,TOR,LOSS,115.0,52.1%,46.5%,5.6%,$809.59,-809.5851384856862,30288.6689314605
2022-11-07,ATL,WIN,190.0,48.5%,34.5%,14.1%,$908.66,1726.4541290932484,32015.12306055375
2022-11-09,TOR,WIN,-450.0,85.1%,81.8%,3.3%,$960.45,213.4341537370251,32228.557214290773
2022-11-09,CLE,LOSS,-170.0,66.3%,63.0%,3.4%,$736.15,-736.1491500134335,31492.40806427734
2022-11-09,PHX,WIN,105.0,63.0%,48.8%,14.3%,$944.77,992.0108540247361,32484.418918302075
2022-11-09,CHI,LOSS,110.0,61.3%,47.6%,13.7%,$974.53,-974.5325675490623,31509.88635075301
2022-11-09,DET,LOSS,550.0,17.6%,15.4%,2.2%,$207.94,-207.93775609736738,31301.948594655645
2022-11-09,UTA,WIN,160.0,41.1%,38.5%,2.6%,$329.23,526.7743993539002,31828.722994009546
2022-11-09,ORL,WIN,320.0,27.1%,23.8%,3.3%,$346.44,1108.6114973028305,32937.33449131237
2022-11-09,IND,LOSS,170.0,41.6%,37.0%,4.6%,$595.16,-595.161212456595,32342.17327885578
2022-11-09,CHA,LOSS,110.0,56.0%,47.6%,8.4%,$970.27,-970.2651983656733,31371.908080490106
2022-11-09,NYK,LOSS,140.0,43.3%,41.7%,1.6%,$217.21,-217.21161580108662,31154.69646468902
2022-11-10,ATL,WIN,-120.0,66.2%,54.5%,11.7%,$934.64,778.8674116172257,31933.563876306245
2022-11-10,CHA,LOSS,450.0,25.1%,18.2%,6.9%,$672.90,-672.8954606894152,31260.66841561683
2022-11-11,LAL,LOSS,150.0,50.2%,40.0%,10.2%,$937.82,-937.8200524685049,30322.848363148325
2022-11-11,MEM,WIN,-170.0,76.8%,63.0%,13.8%,$909.69,535.1090887614411,30857.957451909766
2022-11-11,CLE,LOSS,130.0,54.8%,43.5%,11.3%,$925.74,-925.7387235572929,29932.218728352473
2022-11-11,BOS,WIN,-180.0,78.4%,64.3%,14.1%,$897.97,498.8703121392079,30431.08904049168
2022-11-11,DET,LOSS,320.0,27.6%,23.8%,3.7%,$373.50,-373.4965046766626,30057.592535815016
2022-11-12,MIA,WIN,-170.0,75.7%,63.0%,12.8%,$901.73,530.4281035732063,30588.02063938822
2022-11-12,ATL,LOSS,130.0,49.8%,43.5%,6.3%,$855.92,-855.9186975261573,29732.101941862064
2022-11-12,PHI,WIN,-150.0,62.1%,60.0%,2.1%,$390.40,260.26342630674793,29992.365368168812
2022-11-12,BOS,WIN,-370.0,82.2%,78.7%,3.5%,$899.77,243.18134082299028,30235.546708991802
2022-11-12,UTA,LOSS,-180.0,67.9%,64.3%,3.6%,$767.86,-767.8604055145919,29467.68630347721
2022-11-12,BKN,WIN,100.0,52.4%,50.0%,2.4%,$356.94,356.9383119586415,29824.624615435852
2022-11-12,TOR,LOSS,130.0,52.1%,43.5%,8.6%,$894.74,-894.7387384630755,28929.885876972778
2022-11-13,SAC,WIN,160.0,49.7%,38.5%,11.3%,$867.90,1388.6345220946932,30318.52039906747
2022-11-13,MEM,LOSS,105.0,52.2%,48.8%,3.4%,$502.15,-502.1509775690593,29816.36942149841
2022-11-13,CLE,LOSS,-110.0,66.4%,52.4%,14.0%,$894.49,-894.4910826449523,28921.878338853458
2022-11-13,NYK,LOSS,-210.0,73.6%,67.7%,5.9%,$867.66,-867.6563501656037,28054.221988687852
2022-11-14,ATL,WIN,150.0,48.0%,40.0%,8.0%,$841.63,1262.4399894909532,29316.661978178807
2022-11-14,LAC,WIN,-190.0,76.7%,65.5%,11.2%,$879.50,462.89466281334944,29779.556640992156
2022-11-14,SAS,LOSS,320.0,37.3%,23.8%,13.5%,$893.39,-893.3866992297646,28886.16994176239
2022-11-14,TOR,WIN,-170.0,68.8%,63.0%,5.9%,$866.59,509.7559401487481,29395.92588191114
2022-11-14,ORL,LOSS,105.0,62.9%,48.8%,14.1%,$881.88,-881.8777764573341,28514.048105453803
2022-11-15,UTA,LOSS,-175.0,74.6%,63.6%,11.0%,$855.42,-855.4214431636141,27658.62666229019
2022-11-16,MIL,WIN,-130.0,64.2%,56.5%,7.7%,$829.76,638.2759998990043,28296.902662189194
2022-11-16,DEN,LOSS,-130.0,67.3%,56.5%,10.8%,$848.91,-848.9070798656758,27447.995582323518
2022-11-16,DAL,LOSS,-250.0,84.1%,71.4%,12.7%,$823.44,-823.4398674697055,26624.555714853814
2022-11-16,NOP,WIN,-125.0,70.0%,55.6%,14.4%,$798.74,638.9893371564916,27263.545052010304
2022-11-16,BOS,WIN,-110.0,65.9%,52.4%,13.5%,$817.91,743.5512286911901,28007.096280701495
2022-11-16,ORL,LOSS,250.0,34.7%,28.6%,6.1%,$597.44,-597.4384503984825,27409.65783030301
2022-11-16,IND,WIN,-110.0,58.3%,52.4%,5.9%,$822.29,747.5361226446275,28157.193952947637
2022-11-17,DET,LOSS,400.0,30.2%,20.0%,10.2%,$844.72,-844.7158185884291,27312.478134359208
2022-11-17,BKN,WIN,120.0,47.1%,45.5%,1.6%,$206.36,247.63097271184458,27560.109107071054
2022-11-18,UTA,WIN,-105.0,56.7%,51.2%,5.5%,$779.50,742.3844607596981,28302.493567830752
2022-11-18,BOS,WIN,-150.0,67.3%,60.0%,7.3%,$849.07,566.0498713566149,28868.543439187368
2022-11-18,DET,LOSS,210.0,35.5%,32.3%,3.2%,$343.90,-343.89584101671846,28524.64759817065
2022-11-18,ORL,WIN,320.0,29.7%,23.8%,5.9%,$548.61,1755.5657867592863,30280.213384929935
2022-11-18,CHA,LOSS,400.0,28.1%,20.0%,8.1%,$766.39,-766.3871004033807,29513.826284526556
2022-11-18,MIA,LOSS,260.0,40.1%,27.8%,12.3%,$885.41,-885.4147885357967,28628.41149599076
2022-11-19,SAS,LOSS,330.0,29.1%,23.3%,5.8%,$543.48,-543.475957993425,28084.935537997335
2022-11-19,ATL,WIN,-215.0,75.9%,68.3%,7.6%,$842.55,391.88282146042786,28476.818359457764
2022-11-20,SAS,LOSS,200.0,40.7%,33.3%,7.4%,$786.15,-786.1527458418449,27690.665613615918
2022-11-20,HOU,LOSS,400.0,24.3%,20.0%,4.3%,$371.30,-371.3032302540597,27319.36238336186
2022-11-20,MIA,LOSS,225.0,34.3%,30.8%,3.5%,$348.92,-348.9231043617637,26970.439279000097
2022-11-20,PHX,WIN,-240.0,72.7%,70.6%,2.1%,$485.49,202.2862785722848,27172.725557572383
2022-11-21,UTA,LOSS,120.0,48.0%,45.5%,2.6%,$321.73,-321.73012150544065,26850.995436066944
2022-11-21,POR,LOSS,375.0,27.0%,21.1%,5.9%,$503.78,-503.7768490202349,26347.218587046707
2022-11-21,BOS,LOSS,-200.0,76.5%,66.7%,9.9%,$790.42,-790.4165576114012,25556.802029435305
2022-11-21,ATL,LOSS,130.0,51.4%,43.5%,7.9%,$766.70,-766.7040608830591,24790.097968552247
2022-11-22,LAL,LOSS,350.0,23.8%,22.2%,1.6%,$124.17,-124.16662515960101,24665.931343392647
2022-11-22,DET,WIN,475.0,19.9%,17.4%,2.5%,$186.32,885.0007072902567,25550.932050682903
2022-11-23,CHI,WIN,220.0,36.9%,31.2%,5.7%,$525.26,1155.572323768612,26706.504374451513
2022-11-23,DET,WIN,475.0,19.1%,17.4%,1.7%,$135.08,641.6316224151321,27348.135996866644
2022-11-23,NOP,WIN,-200.0,75.6%,66.7%,8.9%,$820.44,410.22203995299964,27758.35803681964
2022-11-23,CLE,WIN,-280.0,75.8%,73.7%,2.2%,$569.79,203.4979832705013,27961.856020090145
2022-11-23,BOS,WIN,-215.0,73.7%,68.3%,5.4%,$838.86,390.16543283846704,28352.021452928613
2022-11-23,ATL,WIN,-185.0,73.4%,64.9%,8.4%,$850.56,459.76251004749105,28811.783962976104
2022-11-23,IND,LOSS,115.0,57.6%,46.5%,11.1%,$864.35,-864.3535188892831,27947.43044408682
2022-11-25,CHI,LOSS,-150.0,63.5%,60.0%,3.5%,$613.75,-613.7493286553224,27333.6811154315
2022-11-25,NOP,LOSS,110.0,54.1%,47.6%,6.5%,$820.01,-820.010433462945,26513.670681968557
2022-11-25,CLE,LOSS,160.0,52.2%,38.5%,13.8%,$795.41,-795.4101204590567,25718.2605615095
2022-11-25,LAL,WIN,-165.0,67.7%,62.3%,5.5%,$771.55,467.60473748199087,26185.86529899149
2022-11-25,LAC,LOSS,150.0,53.9%,40.0%,13.9%,$785.58,-785.5759589697448,25400.289340021747
2022-11-25,DET,LOSS,600.0,19.6%,14.3%,5.3%,$394.27,-394.2687850949611,25006.020554926785
2022-11-25,UTA,LOSS,260.0,42.0%,27.8%,14.2%,$750.18,-750.1806166478035,24255.839938278983
2022-11-25,SAS,LOSS,145.0,42.9%,40.8%,2.0%,$208.83,-208.83017329593036,24047.009764983053
2022-11-25,ATL,LOSS,-290.0,79.2%,74.4%,4.9%,$721.41,-721.4102929494916,23325.599472033562
2022-11-25,CHA,WIN,210.0,36.4%,32.3%,4.1%,$353.04,741.3795313533662,24066.97900338693
2022-11-25,NYK,LOSS,-170.0,72.3%,63.0%,9.4%,$722.01,-722.0093701016078,23344.96963328532
2022-11-25,BOS,WIN,-300.0,77.9%,75.0%,2.9%,$681.47,227.15571138511137,23572.125344670432
2022-11-25,IND,WIN,135.0,52.7%,42.6%,10.1%,$707.16,954.6710764591526,24526.796421129584
2022-11-25,MIA,WIN,-155.0,63.7%,60.8%,2.9%,$451.40,291.22464600280733,24818.02106713239
2022-11-26,PHX,WIN,-220.0,72.9%,68.8%,4.2%,$744.54,338.4275600063508,25156.448627138743
2022-11-26,TOR,WIN,120.0,57.2%,45.5%,11.8%,$754.69,905.6321505769948,26062.08077771574
2022-11-27,NYK,LOSS,105.0,52.4%,48.8%,3.6%,$455.90,-455.9004868538279,25606.18029086191
2022-11-27,DET,LOSS,250.0,30.4%,28.6%,1.8%,$163.22,-163.21615961560798,25442.964131246303
2022-11-27,BOS,WIN,-330.0,82.5%,76.7%,5.8%,$763.29,231.2996739204209,25674.263805166724
2022-11-27,MIL,WIN,-220.0,70.6%,68.8%,1.9%,$384.22,174.64372742034425,25848.90753258707
2022-11-27,ATL,LOSS,-165.0,66.6%,62.3%,4.3%,$734.45,-734.4539146379069,25114.453617949162
2022-11-27,LAC,WIN,105.0,57.8%,48.8%,9.0%,$753.43,791.1052889653984,25905.55890691456
2022-11-27,MIN,LOSS,100.0,56.9%,50.0%,6.9%,$777.17,-777.1667672074368,25128.392139707124
2022-11-28,HOU,LOSS,450.0,19.8%,18.2%,1.7%,$126.95,-126.94906851694466,25001.44307119018
2022-11-28,CHI,WIN,115.0,56.9%,46.5%,10.4%,$750.04,862.5497859560612,25863.99285714624
2022-11-28,NOP,WIN,-210.0,75.6%,67.7%,7.9%,$775.92,369.48561224494637,26233.478469391186
2022-11-28,CLE,LOSS,175.0,38.1%,36.4%,1.7%,$173.82,-173.81696686594285,26059.661502525243
2022-11-28,ORL,LOSS,500.0,20.0%,16.7%,3.4%,$263.29,-263.288887758404,25796.37261476684
2022-11-28,PHI,WIN,-130.0,66.5%,56.5%,10.0%,$773.89,595.3009064946193,26391.67352126146
2022-11-29,GSW,LOSS,-105.0,53.9%,51.2%,2.6%,$358.14,-358.1418623557197,26033.53165890574
2022-11-29,NYK,WIN,-175.0,67.7%,63.6%,4.1%,$732.02,418.29467373536284,26451.826332641103
2022-11-30,OKC,WIN,-150.0,68.2%,60.0%,8.2%,$793.55,529.036526652822,26980.862859293924
2022-11-30,SAC,WIN,-180.0,68.9%,64.3%,4.6%,$809.43,449.68104765489875,27430.543906948824
2022-11-30,LAC,LOSS,250.0,41.9%,28.6%,13.3%,$822.92,-822.9163172084646,26607.627589740358
2022-11-30,HOU,LOSS,500.0,18.6%,16.7%,1.9%,$155.64,-155.6403964017912,26451.987193338566
2022-11-30,PHX,WIN,-210.0,70.9%,67.7%,3.1%,$644.79,307.04463548476787,26759.031828823332
2022-11-30,MIN,WIN,130.0,54.1%,43.5%,10.6%,$802.77,1043.6022413241096,27802.63407014744
2022-11-30,PHI,LOSS,145.0,52.9%,40.8%,12.1%,$834.08,-834.0790221044232,26968.555048043017
2022-11-30,ATL,WIN,-240.0,74.1%,70.6%,3.5%,$809.06,337.1069381005378,27305.661986143554
2022-11-30,BKN,WIN,-220.0,70.9%,68.8%,2.1%,$465.07,211.3942679298307,27517.056254073384
2022-11-30,NYK,LOSS,200.0,38.0%,33.3%,4.7%,$483.65,-483.64560761330944,27033.410646460074
2022-12-01,DET,WIN,265.0,32.4%,27.4%,5.0%,$469.09,1243.1003640088356,28276.51101046891
2022-12-02,NOP,WIN,-275.0,80.4%,73.3%,7.0%,$848.30,308.4710292051154,28584.982039674025
2022-12-02,CHI,LOSS,230.0,32.6%,30.3%,2.2%,$230.63,-230.63287139383752,28354.349168280187
2022-12-02,UTA,WIN,-170.0,69.2%,63.0%,6.2%,$850.63,500.37086767553285,28854.72003595572
2022-12-02,LAL,WIN,300.0,28.8%,25.0%,3.8%,$364.34,1093.007173459696,29947.727209415418
2022-12-02,BOS,LOSS,-275.0,75.5%,73.3%,2.1%,$598.44,-598.4442881227711,29349.282921292648
2022-12-03,MIN,LOSS,-210.0,70.2%,67.7%,2.4%,$550.16,-550.1570830607367,28799.12583823191
2022-12-03,UTA,LOSS,-190.0,74.3%,65.5%,8.8%,$863.97,-863.9737751469572,27935.15206308495
2022-12-03,MIL,WIN,-125.0,64.9%,55.6%,9.3%,$838.05,670.443649514039,28605.59571259899
2022-12-04,IND,LOSS,175.0,47.4%,36.4%,11.0%,$858.17,-858.1678713779697,27747.427841221022
2022-12-04,SAC,WIN,-150.0,68.1%,60.0%,8.1%,$832.42,554.9485568244203,28302.376398045442
2022-12-04,CLE,LOSS,-145.0,61.4%,59.2%,2.2%,$379.39,-379.39409706165145,27922.98230098379
2022-12-04,BOS,WIN,-130.0,67.4%,56.5%,10.9%,$837.69,644.3765146380873,28567.358815621876
2022-12-04,NOP,WIN,-130.0,70.7%,56.5%,14.2%,$857.02,659.2467418989663,29226.60555752084
2022-12-05,HOU,WIN,270.0,31.9%,27.0%,4.9%,$487.32,1315.7628422703915,30542.368399791234
2022-12-05,ORL,LOSS,425.0,22.6%,19.0%,3.6%,$337.90,-337.9033370670968,30204.465062724135
2022-12-05,CHA,LOSS,200.0,44.8%,33.3%,11.5%,$906.13,-906.133951881724,29298.33111084241
2022-12-06,CLE,WIN,-215.0,70.0%,68.3%,1.7%,$398.96,185.56216778992646,29483.893278632335
2022-12-07,GSW,LOSS,180.0,50.6%,35.7%,14.9%,$884.52,-884.51679835897,28599.376480273364
2022-12-07,SAC,LOSS,210.0,37.4%,32.3%,5.1%,$540.97,-540.9726131776856,28058.40386709568
2022-12-07,CHI,WIN,-200.0,70.5%,66.7%,3.8%,$804.85,402.42486026247514,28460.828727358155
2022-12-07,LAL,LOSS,525.0,30.8%,16.0%,14.8%,$853.82,-853.8248618207447,27607.003865537412
2022-12-08,DEN,WIN,-130.0,63.5%,56.5%,7.0%,$828.21,637.0847045893248,28244.088570126736
2022-12-08,SAS,WIN,110.0,51.2%,47.6%,3.6%,$482.45,530.6948788964849,28774.78344902322
2022-12-08,HOU,LOSS,-130.0,69.8%,56.5%,13.3%,$863.24,-863.2435034706965,27911.539945552522
2022-12-09,UTA,LOSS,-110.0,60.5%,52.4%,8.1%,$837.35,-837.3461983665757,27074.193747185946
2022-12-09,ATL,LOSS,240.0,31.5%,29.4%,2.1%,$200.91,-200.90523836816496,26873.28850881778
2022-12-09,ORL,WIN,290.0,36.9%,25.6%,11.3%,$806.20,2337.9761002671466,29211.264609084927
2022-12-09,NYK,WIN,-175.0,68.0%,63.6%,4.4%,$876.34,500.76453615574155,29712.029145240667
2022-12-10,BOS,LOSS,-135.0,63.2%,57.4%,5.7%,$891.36,-891.36087435722,28820.66827088345
2022-12-10,MIN,LOSS,180.0,48.0%,35.7%,12.3%,$864.62,-864.6200481265034,27956.048222756945
2022-12-10,UTA,LOSS,450.0,28.4%,18.2%,10.2%,$838.68,-838.6814466827083,27117.366776074236
2022-12-10,DAL,LOSS,175.0,41.7%,36.4%,5.4%,$571.54,-571.5398852404423,26545.826890833792
2022-12-10,CLE,WIN,-190.0,70.6%,65.5%,5.1%,$796.37,419.1446351184282,26964.97152595222
2022-12-10,SAS,WIN,500.0,28.1%,16.7%,11.4%,$808.95,4044.745728892833,31009.717254845054
2022-12-11,HOU,WIN,375.0,26.2%,21.1%,5.2%,$510.01,1912.5385105551711,32922.25576540022
2022-12-11,CHI,LOSS,140.0,44.2%,41.7%,2.6%,$362.65,-362.65442034515615,32559.601345055067
2022-12-11,CHA,LOSS,400.0,21.6%,20.0%,1.6%,$165.55,-165.54550511425134,32394.055839940815
2022-12-11,ORL,WIN,210.0,38.1%,32.3%,5.8%,$693.29,1455.9099246215937,33849.96576456241
2022-12-11,SAC,LOSS,120.0,48.5%,45.5%,3.0%,$473.16,-473.1579612667738,33376.80780329564
2022-12-11,DET,LOSS,175.0,42.7%,36.4%,6.4%,$836.52,-836.5168384176162,32540.290964878022
2022-12-11,NOP,WIN,-165.0,74.8%,62.3%,12.5%,$976.21,591.641653906873,33131.93261878489
2022-12-12,MIN,LOSS,150.0,42.2%,40.0%,2.2%,$303.42,-303.4225098254242,32828.51010895947
2022-12-12,SAS,WIN,340.0,28.1%,22.7%,5.4%,$570.67,1940.2847599248607,34768.79486888433
2022-12-12,BKN,WIN,-200.0,71.7%,66.7%,5.0%,$1043.06,521.531923033265,35290.3267919176
2022-12-12,IND,LOSS,135.0,50.3%,42.6%,7.8%,$1058.71,-1058.7098037575279,34231.61698816007
2022-12-12,OKC,LOSS,290.0,29.8%,25.6%,4.1%,$475.81,-475.8074498940167,33755.809538266054
2022-12-13,MIL,WIN,-145.0,69.9%,59.2%,10.7%,$1012.67,698.3960594124011,34454.205597678454
2022-12-13,SAC,LOSS,145.0,43.4%,40.8%,2.6%,$378.43,-378.43076358839136,34075.774834090065
2022-12-14,OKC,LOSS,120.0,52.3%,45.5%,6.9%,$1022.27,-1022.2732450227019,33053.50158906736
2022-12-14,SAS,LOSS,260.0,36.2%,27.8%,8.5%,$968.76,-968.7615044187347,32084.740084648627
2022-12-14,DAL,LOSS,-140.0,61.1%,58.3%,2.7%,$528.54,-528.5432427205337,31556.196841928093
2022-12-14,NYK,WIN,135.0,44.6%,42.6%,2.0%,$278.44,375.89771107992095,31932.094553008013
2022-12-14,ORL,WIN,125.0,50.8%,44.4%,6.3%,$911.53,1139.4106180567394,33071.50517106475
2022-12-15,LAC,LOSS,200.0,45.7%,33.3%,12.4%,$992.15,-992.1451551319426,32079.36001593281
2022-12-15,UTA,WIN,100.0,56.7%,50.0%,6.7%,$962.38,962.3808004779843,33041.74081641079
2022-12-15,MEM,WIN,-145.0,61.7%,59.2%,2.5%,$514.60,354.8983963905431,33396.63921280133
2022-12-15,HOU,LOSS,135.0,50.1%,42.6%,7.5%,$1001.90,-1001.89917638404,32394.740036417294
2022-12-16,LAL,WIN,110.0,59.9%,47.6%,12.3%,$971.84,1069.0264212017707,33463.766457619065
2022-12-16,POR,LOSS,160.0,41.5%,38.5%,3.0%,$408.94,-408.93833845937445,33054.82811915969
2022-12-16,DAL,WIN,-180.0,69.9%,64.3%,5.6%,$991.64,550.9138019859948,33605.74192114569
2022-12-16,MIN,WIN,155.0,54.1%,39.2%,14.9%,$1008.17,1562.6669993332741,35168.40892047896
2022-12-16,NYK,WIN,120.0,48.2%,45.5%,2.7%,$438.25,525.9034078349775,35694.31232831394
2022-12-16,BKN,WIN,-120.0,64.1%,54.5%,9.6%,$1070.83,892.3578082078487,36586.67013652179
2022-12-16,GSW,LOSS,320.0,35.3%,23.8%,11.5%,$1097.60,-1097.6001040956537,35489.070032426134
2022-12-16,ORL,WIN,650.0,24.6%,13.3%,11.3%,$1064.67,6920.368656323096,42409.43868874923
2022-12-17,OKC,WIN,425.0,25.2%,19.0%,6.2%,$811.82,3450.2263248403588,45859.66501358959
2022-12-17,DAL,LOSS,290.0,29.0%,25.6%,3.4%,$523.00,-522.9961631935653,45336.668850396025
2022-12-17,SAS,LOSS,270.0,28.6%,27.0%,1.6%,$247.22,-247.21677964006793,45089.45207075596
2022-12-17,LAC,WIN,-200.0,75.0%,66.7%,8.3%,$1352.68,676.3417810613394,45765.793851817296
2022-12-17,HOU,LOSS,130.0,45.4%,43.5%,1.9%,$381.75,-381.75480085096194,45384.039050966334
2022-12-18,NYK,WIN,-110.0,62.3%,52.4%,9.9%,$1361.52,1237.7465195718091,46621.785570538144
2022-12-18,ORL,WIN,425.0,27.0%,19.0%,7.9%,$1138.91,4840.3566364641065,51462.14220700225
2022-12-19,LAL,LOSS,450.0,26.9%,18.2%,8.8%,$1378.58,-1378.5767278945382,50083.56547910772
2022-12-19,OKC,WIN,150.0,43.9%,40.0%,3.9%,$816.90,1225.3471743293644,51308.91265343708
2022-12-19,ORL,LOSS,290.0,40.5%,25.6%,14.8%,$1539.27,-1539.2673796031124,49769.645273833965
2022-12-19,PHI,WIN,-265.0,78.8%,72.6%,6.2%,$1493.09,563.4299464962334,50333.075220330196
2022-12-19,CLE,WIN,-250.0,75.7%,71.4%,4.3%,$1509.99,603.9969026439621,50937.07212297416
2022-12-20,MEM,LOSS,-125.0,58.1%,55.6%,2.6%,$735.08,-735.078579134645,50201.99354383952
2022-12-20,DEN,WIN,105.0,53.2%,48.8%,4.4%,$1072.10,1125.7004838629607,51327.69402770248
2022-12-20,PHX,LOSS,-290.0,76.4%,74.4%,2.0%,$1016.37,-1016.3659241925084,50311.32810350997
2022-12-20,NYK,WIN,-220.0,74.3%,68.8%,5.5%,$1509.34,686.0635650478632,50997.39166855784
2022-12-20,UTA,WIN,-140.0,63.2%,58.3%,4.9%,$1501.29,1072.3480161411485,52069.73968469899
2022-12-20,MIA,LOSS,-120.0,68.2%,54.5%,13.6%,$1562.09,-1562.0921905409696,50507.647494158016
2022-12-21,LAL,LOSS,260.0,36.3%,27.8%,8.6%,$1495.76,-1495.7584602100849,49011.88903394793
2022-12-21,OKC,WIN,145.0,55.7%,40.8%,14.9%,$1470.36,2132.0171729767353,51143.90620692467
2022-12-21,MIN,LOSS,110.0,60.3%,47.6%,12.7%,$1534.32,-1534.3171862077402,49609.58902071693
2022-12-21,ORL,WIN,-110.0,67.1%,52.4%,14.8%,$1488.29,1352.9887914740982,50962.577812191026
2022-12-21,GSW,LOSS,425.0,28.1%,19.0%,9.0%,$1423.93,-1423.926471127964,49538.651341063065
2022-12-21,IND,WIN,375.0,28.0%,21.1%,6.9%,$1088.86,4083.2200813642335,53621.8714224273
2022-12-21,CLE,WIN,-140.0,65.5%,58.3%,7.2%,$1608.66,1149.0401019091566,54770.91152433646
2022-12-22,UTA,WIN,-260.0,76.3%,72.2%,4.0%,$1643.13,631.9720560500359,55402.88358038649
2022-12-23,DAL,WIN,-260.0,75.1%,72.2%,2.8%,$1411.61,542.9257020131292,55945.80928239962
2022-12-23,IND,WIN,205.0,44.9%,32.8%,12.2%,$1678.37,3440.667270867576,59386.476553267195
2022-12-23,LAL,LOSS,-150.0,68.0%,60.0%,8.0%,$1781.59,-1781.5942965980157,57604.88225666918
2022-12-23,DEN,WIN,-200.0,75.6%,66.7%,8.9%,$1728.15,864.0732338500377,58468.95549051922
2022-12-23,NYK,LOSS,-230.0,73.4%,69.7%,3.7%,$1754.07,-1754.0686647155765,56714.886825803645
2022-12-23,PHX,LOSS,130.0,47.4%,43.5%,3.9%,$978.90,-978.9039041848458,55735.9829216188
2022-12-23,ORL,WIN,-230.0,75.6%,69.7%,5.9%,$1672.08,726.991081586332,56462.974003205134
2022-12-23,PHI,WIN,-170.0,75.7%,63.0%,12.7%,$1693.89,996.405423585973,57459.37942679111
2022-12-23,MIN,LOSS,375.0,35.9%,21.1%,14.8%,$1723.78,-1723.781382803733,55735.598043987375
2022-12-23,BKN,WIN,-140.0,64.9%,58.3%,6.5%,$1672.07,1194.3342437997296,56929.9322877871
2022-12-23,CLE,LOSS,-190.0,78.2%,65.5%,12.7%,$1707.90,-1707.897968633613,55222.03431915349
2022-12-23,DET,LOSS,350.0,29.4%,22.2%,7.2%,$1277.46,-1277.4576087347032,53944.57671041879
2022-12-25,DEN,WIN,-170.0,70.9%,63.0%,8.0%,$1618.34,951.9631184191553,54896.539828837944
2022-12-25,LAL,LOSS,260.0,31.6%,27.8%,3.8%,$720.33,-720.3318175361169,54176.208011301824
2022-12-25,NYK,LOSS,105.0,53.2%,48.8%,4.4%,$1160.23,-1160.2316775854104,53015.97633371641
2022-12-26,POR,WIN,-210.0,71.1%,67.7%,3.4%,$1393.35,663.5003076698838,53679.476641386296
2022-12-26,UTA,LOSS,-185.0,74.0%,64.9%,9.1%,$1610.38,-1610.384299241589,52069.09234214471
2022-12-26,MIN,LOSS,105.0,50.7%,48.8%,2.0%,$497.95,-497.9458551557109,51571.146486989
2022-12-26,MIA,WIN,-125.0,60.8%,55.6%,5.3%,$1530.14,1224.1080280023268,52795.25451499132
2022-12-26,LAC,WIN,-220.0,71.2%,68.8%,2.5%,$1052.68,478.49242247845706,53273.746937469776
2022-12-26,BKN,WIN,110.0,53.3%,47.6%,5.7%,$1452.85,1598.1342912908576,54871.881228760634
2022-12-26,CHI,LOSS,-270.0,76.6%,73.0%,3.7%,$1646.16,-1646.156436862819,53225.72479189782
2022-12-27,SAC,LOSS,135.0,50.7%,42.6%,8.2%,$1596.77,-1596.7717437569345,51628.95304814088
2022-12-27,NYK,LOSS,180.0,39.4%,35.7%,3.6%,$732.50,-732.5048248182602,50896.44822332262
2022-12-27,IND,WIN,105.0,59.1%,48.8%,10.3%,$1526.89,1603.2381190346623,52499.68634235729
2022-12-27,HOU,LOSS,850.0,15.8%,10.5%,5.3%,$779.58,-779.5838142727397,51720.10252808455
2022-12-27,ORL,LOSS,-150.0,63.1%,60.0%,3.1%,$1011.17,-1011.1681298694044,50708.93439821515
2022-12-28,DEN,LOSS,130.0,53.3%,43.5%,9.8%,$1521.27,-1521.2680319464544,49187.66636626869
2022-12-28,NOP,WIN,-250.0,74.5%,71.4%,3.1%,$1327.15,530.8600747824529,49718.526441051145
2022-12-28,LAL,LOSS,310.0,39.0%,24.4%,14.6%,$1491.56,-1491.5557932315344,48226.97064781961
2022-12-28,CHI,WIN,120.0,52.5%,45.5%,7.1%,$1446.81,1736.170943321506,49963.14159114112
2022-12-29,TOR,LOSS,155.0,47.3%,39.2%,8.1%,$1498.89,-1498.8942477342334,48464.24734340688
2022-12-29,NYK,LOSS,-180.0,69.6%,64.3%,5.3%,$1453.93,-1453.9274203022064,47010.319923104675
2022-12-29,BOS,WIN,-260.0,75.0%,72.2%,2.7%,$1159.15,445.82532789374204,47456.145250998416
2022-12-29,OKC,LOSS,110.0,61.0%,47.6%,13.4%,$1423.68,-1423.6843575299524,46032.460893468466
2022-12-30,SAC,WIN,-150.0,66.2%,60.0%,6.2%,$1380.97,920.6492178693691,46953.11011133783
2022-12-30,DEN,WIN,-180.0,74.5%,64.3%,10.2%,$1408.59,782.5518351889639,47735.661946526794
2022-12-30,MIN,LOSS,260.0,33.6%,27.8%,5.9%,$968.04,-968.0404440961901,46767.62150243061
2022-12-30,NOP,WIN,-105.0,59.5%,51.2%,8.3%,$1403.03,1336.217757212303,48103.83925964291
2022-12-30,DET,LOSS,250.0,32.8%,28.6%,4.2%,$709.78,-709.7776117166065,47394.061647926304
2022-12-30,CHI,WIN,-300.0,78.7%,75.0%,3.7%,$1421.82,473.9406164792629,47868.002264405564
2022-12-30,PHX,LOSS,110.0,49.2%,47.6%,1.6%,$370.40,-370.3958716323925,47497.606392773174
2022-12-31,NOP,LOSS,220.0,40.4%,31.2%,9.1%,$1424.93,-1424.9281917831952,46072.678200989976
2022-12-31,DET,WIN,245.0,34.0%,29.0%,5.0%,$806.20,1975.179387569355,48047.85758855933
2022-12-31,MIA,WIN,155.0,44.1%,39.2%,4.9%,$964.30,1494.6613140927338,49542.51890265207
2022-12-31,NYK,WIN,-165.0,70.7%,62.3%,8.4%,$1486.28,900.7730709573102,50443.291973609375
2022-12-31,BKN,WIN,-250.0,80.9%,71.4%,9.5%,$1513.30,605.3195036833123,51048.61147729269
2022-12-31,IND,WIN,120.0,59.4%,45.5%,14.0%,$1531.46,1837.7500131825368,52886.361490475225
2023-01-01,MIL,LOSS,-135.0,62.9%,57.4%,5.4%,$1586.59,-1586.5908447142567,51299.77064576097
2023-01-01,MEM,WIN,-170.0,71.5%,63.0%,8.5%,$1538.99,905.2900702193114,52205.06071598028
2023-01-02,DAL,WIN,-300.0,77.4%,75.0%,2.4%,$1264.28,421.4269805083539,52626.487696488635
2023-01-02,LAC,LOSS,-105.0,63.1%,51.2%,11.9%,$1578.79,-1578.794630894659,51047.69306559398
2023-01-02,DET,LOSS,350.0,34.6%,22.2%,12.4%,$1531.43,-1531.4307919678192,49516.26227362616
2023-01-02,CLE,WIN,-170.0,73.3%,63.0%,10.3%,$1485.49,873.8163930639913,50390.078666690155
2023-01-02,NYK,WIN,-140.0,68.5%,58.3%,10.2%,$1511.70,1079.7874000005036,51469.86606669066
2023-01-03,SAC,WIN,130.0,54.2%,43.5%,10.7%,$1544.10,2007.3247766009354,53477.190843291595
2023-01-04,SAC,LOSS,-125.0,66.4%,55.6%,10.8%,$1604.32,-1604.3157252987478,51872.875117992844
2023-01-04,GSW,LOSS,-265.0,80.7%,72.6%,8.1%,$1556.19,-1556.1862535397852,50316.688864453055
2023-01-04,NOP,WIN,-265.0,81.9%,72.6%,9.3%,$1509.50,569.6228928051288,50886.31175725818
2023-01-04,BKN,LOSS,-190.0,68.1%,65.5%,2.5%,$935.40,-935.3961379025162,49950.91561935567
2023-01-04,PHI,WIN,-200.0,72.8%,66.7%,6.2%,$1498.53,749.263734290335,50700.179353646
2023-01-04,CLE,WIN,-200.0,74.2%,66.7%,7.5%,$1521.01,760.50269030469,51460.68204395069
2023-01-04,MEM,WIN,-280.0,75.5%,73.7%,1.8%,$867.79,309.92385205006985,51770.605896000765
2023-01-05,DEN,WIN,-190.0,71.4%,65.5%,5.8%,$1553.12,817.4306194105382,52588.0365154113
2023-01-05,HOU,LOSS,220.0,34.9%,31.2%,3.6%,$691.92,-691.9220328286756,51896.11448258263
2023-01-06,NOP,LOSS,155.0,44.1%,39.2%,4.8%,$1032.71,-1032.7114209929382,50863.40306158969
2023-01-06,LAC,LOSS,190.0,40.3%,34.5%,5.8%,$1133.89,-1133.8935777264678,49729.50948386322
2023-01-06,DET,LOSS,-105.0,56.8%,51.2%,5.6%,$1420.89,-1420.8910338147698,48308.61845004845
2023-01-06,CHA,WIN,380.0,32.9%,20.8%,12.1%,$1449.26,5507.182503305523,53815.80095335397
2023-01-06,PHI,LOSS,-200.0,74.6%,66.7%,8.0%,$1614.47,-1614.4740286006192,52201.32692475335
2023-01-06,SAS,WIN,-115.0,57.6%,53.5%,4.2%,$1167.68,1015.3696348855153,53216.69655963887
2023-01-07,NOP,LOSS,320.0,34.6%,23.8%,10.8%,$1596.50,-1596.500896789166,51620.19566284971
2023-01-07,SAS,LOSS,800.0,24.4%,11.1%,13.3%,$1548.61,-1548.605869885491,50071.589792964216
2023-01-08,PHX,LOSS,195.0,41.8%,33.9%,7.9%,$1494.52,-1494.5245594781643,48577.06523348605
2023-01-08,DAL,LOSS,155.0,41.7%,39.2%,2.5%,$495.21,-495.20513090185693,48081.86010258419
2023-01-08,MIN,WIN,-160.0,73.9%,61.5%,12.4%,$1442.46,901.5348769234536,48983.39497950765
2023-01-08,BKN,WIN,-130.0,63.3%,56.5%,6.8%,$1469.50,1130.386037988638,50113.78101749629
2023-01-08,IND,WIN,-220.0,73.6%,68.8%,4.9%,$1503.41,683.3697411476767,50797.15075864396
2023-01-08,TOR,WIN,-150.0,64.4%,60.0%,4.4%,$1397.59,931.7247826054727,51728.875541249436
2023-01-08,POR,LOSS,130.0,49.0%,43.5%,5.5%,$1261.65,-1261.6492685612006,50467.22627268823
2023-01-08,PHI,WIN,-210.0,76.8%,67.7%,9.1%,$1514.02,720.9603753241178,51188.18664801235
2023-01-08,MEM,WIN,-220.0,79.0%,68.8%,10.2%,$1535.65,698.0207270183503,51886.2073750307
2023-01-09,ORL,LOSS,215.0,41.9%,31.7%,10.1%,$1556.59,-1556.586221250921,50329.62115377978
2023-01-09,LAL,LOSS,550.0,29.8%,15.4%,14.4%,$1509.89,-1509.8886346133934,48819.732519166384
2023-01-09,SAC,WIN,-255.0,74.3%,71.8%,2.5%,$1079.82,423.458795362678,49243.19131452906
2023-01-09,CHI,LOSS,320.0,38.2%,23.8%,14.4%,$1477.30,-1477.2957394358718,47765.895575093185
2023-01-10,DAL,LOSS,100.0,58.2%,50.0%,8.2%,$1432.98,-1432.9768672527955,46332.91870784039
2023-01-10,CHA,LOSS,250.0,33.4%,28.6%,4.8%,$776.53,-776.5257497070243,45556.392958133365
2023-01-10,DET,LOSS,800.0,19.3%,11.1%,8.2%,$1046.27,-1046.2664013507895,44510.126556782576
2023-01-10,MIA,WIN,-125.0,60.4%,55.6%,4.9%,$1220.38,976.3075995617696,45486.434156344345
2023-01-10,CLE,LOSS,-140.0,61.9%,58.3%,3.5%,$966.11,-966.1083752302119,44520.32578111413
2023-01-11,PHX,LOSS,700.0,20.0%,12.5%,7.5%,$954.17,-954.1727977842129,43566.152983329914
2023-01-11,SAS,LOSS,700.0,16.9%,12.5%,4.4%,$550.29,-550.2855156098951,43015.86746772002
2023-01-11,NOP,LOSS,330.0,26.8%,23.3%,3.6%,$500.89,-500.89312497007757,42514.97434274994
2023-01-11,ATL,LOSS,155.0,48.4%,39.2%,9.1%,$1275.45,-1275.449230282498,41239.52511246745
2023-01-11,CHI,LOSS,-125.0,58.0%,55.6%,2.5%,$572.75,-572.7502939054307,40666.774818562015
2023-01-11,IND,LOSS,175.0,38.1%,36.4%,1.7%,$272.62,-272.6231115474522,40394.151707014564
2023-01-11,DET,WIN,210.0,42.5%,32.3%,10.2%,$1211.82,2544.8315575419174,42938.98326455648
2023-01-12,CLE,WIN,-120.0,69.2%,54.5%,14.6%,$1288.17,1073.4745816139123,44012.45784617039
2023-01-12,CHA,LOSS,260.0,29.6%,27.8%,1.8%,$276.83,-276.8333836723312,43735.62446249806
2023-01-12,BKN,LOSS,-105.0,61.0%,51.2%,9.8%,$1312.07,-1312.0687338749417,42423.55572862312
2023-01-12,OKC,WIN,375.0,26.4%,21.1%,5.3%,$716.51,2686.924411969225,45110.48014059234
2023-01-13,ORL,LOSS,180.0,39.4%,35.7%,3.6%,$637.90,-637.9029434631832,44472.57719712916
2023-01-13,PHX,LOSS,200.0,40.6%,33.3%,7.3%,$1220.08,-1220.0771921004132,43252.50000502875
2023-01-13,SAS,LOSS,280.0,33.4%,26.3%,7.1%,$1040.05,-1040.0528757349546,42212.447129293796
2023-01-14,MIN,WIN,155.0,44.1%,39.2%,4.9%,$848.93,1315.842925855555,43528.29005514935
2023-01-14,UTA,LOSS,245.0,42.1%,29.0%,13.2%,$1305.85,-1305.8487016544805,42222.44135349487
2023-01-14,IND,LOSS,270.0,32.2%,27.0%,5.1%,$743.77,-743.7682604926107,41478.67309300226
2023-01-14,MIA,WIN,-175.0,73.7%,63.6%,10.1%,$1244.36,711.06296730861,42189.73606031087
2023-01-15,LAL,LOSS,180.0,49.6%,35.7%,13.9%,$1265.69,-1265.692081809326,40924.04397850154
2023-01-15,HOU,LOSS,400.0,23.0%,20.0%,3.0%,$383.50,-383.4980180801016,40540.54596042144
2023-01-15,DET,LOSS,290.0,27.8%,25.6%,2.2%,$296.63,-296.6284328731111,40243.91752754833
2023-01-16,PHX,LOSS,550.0,20.7%,15.4%,5.3%,$632.99,-632.9878261594096,39610.929701388915
2023-01-16,MIN,LOSS,-175.0,65.8%,63.6%,2.2%,$594.39,-594.387027271085,39016.54267411783
2023-01-16,MIA,LOSS,-105.0,54.0%,51.2%,2.8%,$550.21,-550.2091004447241,38466.33357367311
2023-01-16,NYK,LOSS,-120.0,66.9%,54.5%,12.3%,$1153.99,-1153.9900072101932,37312.343566462914
2023-01-16,NOP,LOSS,250.0,41.4%,28.6%,12.8%,$1119.37,-1119.3703069938874,36192.97325946903
2023-01-16,IND,LOSS,175.0,50.1%,36.4%,13.7%,$1085.79,-1085.789197784071,35107.18406168496
2023-01-16,LAL,WIN,-280.0,81.3%,73.7%,7.6%,$1053.22,376.1484006609103,35483.33246234587
